{"create_time": 0.768702, "error": null, "issues": [], "success": true, "sym_cnt": 1, "sym_time": 23.056816, "time": 23.075862, "total_info": {"caller2cnt": {"get_transaction_sequence": 64, "integer": 63, "is_possible": 205, "mutation_pruner": 35, "wanna_execute2": 484, "wanna_execute3": 280}, "caller2time": {"get_transaction_sequence": 0.14895399999999995, "integer": 0.22146999999999994, "is_possible": 5.970022999999999, "mutation_pruner": 0.05280700000000001, "wanna_execute2": 0.055241999999999916, "wanna_execute3": 0.028435000000000005}}, "total_states": 3900}