{"create_time": 9.033331, "error": null, "issues": [], "success": true, "sym_cnt": 1, "sym_time": 154.672936, "time": 154.690576, "total_info": {"caller2cnt": {"get_transaction_sequence": 18, "integer": 136, "is_possible": 501, "mutation_pruner": 48, "wanna_execute2": 50}, "caller2time": {"get_transaction_sequence": 0.22782999999999998, "integer": 3.352398000000001, "is_possible": 90.37503599999995, "mutation_pruner": 1.0524559999999998, "wanna_execute2": 0.07730100000000001}}, "total_states": 9236}