{"create_time": 1.649525, "error": null, "issues": [], "success": true, "sym_cnt": 1, "sym_time": 11.71381, "time": 11.733013, "total_info": {"caller2cnt": {"get_transaction_sequence": 10, "integer": 27, "is_possible": 41, "mutation_pruner": 13, "wanna_execute2": 2}, "caller2time": {"get_transaction_sequence": 0.10808100000000001, "integer": 0.31621099999999996, "is_possible": 0.9331210000000001, "mutation_pruner": 0.142494, "wanna_execute2": 0.015052000000000001}}, "total_states": 1790}