{"create_time": 5.034574, "error": null, "issues": [], "success": true, "sym_cnt": 1, "sym_time": 417.642176, "time": 417.697987, "total_info": {"caller2cnt": {"ether_thief": 165, "get_transaction_sequence": 1378, "integer": 748, "is_possible": 503, "mutation_pruner": 495, "state_cahnge_exernal_calls1": 165, "state_cahnge_exernal_calls3": 147, "wanna_execute2": 7023, "wanna_execute3": 4342}, "caller2time": {"ether_thief": 67.34028300000001, "get_transaction_sequence": 77.51041700000009, "integer": 2.205672, "is_possible": 4.336800000000002, "mutation_pruner": 21.033725000000004, "state_cahnge_exernal_calls1": 0.8310889999999999, "state_cahnge_exernal_calls3": 8.512370999999998, "wanna_execute2": 0.7984980000000286, "wanna_execute3": 0.4737480000000155}}, "total_states": 64007}