{"create_time": 0.775066, "error": null, "issues": [], "success": true, "sym_cnt": 1, "sym_time": 7.542141, "time": 7.561143, "total_info": {"caller2cnt": {"get_transaction_sequence": 28, "integer": 27, "is_possible": 33, "mutation_pruner": 15, "wanna_execute2": 40}, "caller2time": {"get_transaction_sequence": 0.05011800000000001, "integer": 0.061548999999999986, "is_possible": 0.24827899999999997, "mutation_pruner": 0.01882, "wanna_execute2": 0.006036999999999997}}, "total_states": 1684}