{"create_time": 9.025568, "error": null, "issues": [], "success": true, "sym_cnt": 1, "sym_time": 147.563036, "time": 147.581807, "total_info": {"caller2cnt": {"get_transaction_sequence": 23, "integer": 198, "is_possible": 291, "mutation_pruner": 67, "wanna_execute2": 80, "wanna_execute3": 4}, "caller2time": {"get_transaction_sequence": 0.436168, "integer": 9.356266999999997, "is_possible": 56.68684500000002, "mutation_pruner": 1.8327340000000003, "wanna_execute2": 0.11268899999999998, "wanna_execute3": 0.00043500000000000006}}, "total_states": 12302}