{"create_time": 3.266249, "error": null, "issues": [], "success": true, "sym_cnt": 1, "sym_time": 35.237769, "time": 35.25803, "total_info": {"caller2cnt": {"get_transaction_sequence": 7, "integer": 20, "is_possible": 93, "mutation_pruner": 10, "wanna_execute2": 4}, "caller2time": {"get_transaction_sequence": 0.11566200000000001, "integer": 1.2477269999999998, "is_possible": 13.508792000000001, "mutation_pruner": 0.21640800000000002, "wanna_execute2": 0.046457}}, "total_states": 2497}