{"create_time": 0.553807, "error": null, "issues": [], "success": true, "sym_cnt": 1, "sym_time": 9.257789, "time": 9.275937, "total_info": {"caller2cnt": {"get_transaction_sequence": 6, "integer": 18, "is_possible": 23, "mutation_pruner": 6, "wanna_execute2": 10}, "caller2time": {"get_transaction_sequence": 0.046408000000000005, "integer": 1.3580630000000002, "is_possible": 0.9595309999999999, "mutation_pruner": 0.035355, "wanna_execute2": 0.04046300000000001}}, "total_states": 763}