{"create_time": 0.774617, "error": null, "issues": [], "success": true, "sym_cnt": 1, "sym_time": 16.811693, "time": 16.829862, "total_info": {"caller2cnt": {"get_transaction_sequence": 64, "integer": 63, "is_possible": 37, "mutation_pruner": 35, "wanna_execute2": 484, "wanna_execute3": 280}, "caller2time": {"get_transaction_sequence": 0.14496799999999999, "integer": 0.20181900000000003, "is_possible": 0.390896, "mutation_pruner": 0.05202300000000001, "wanna_execute2": 0.054920999999999935, "wanna_execute3": 0.028507999999999933}}, "total_states": 3900}