{"create_time": 1.658169, "error": null, "issues": [], "success": true, "sym_cnt": 1, "sym_time": 28.791952, "time": 28.811151, "total_info": {"caller2cnt": {"get_transaction_sequence": 26, "integer": 63, "is_possible": 54, "mutation_pruner": 33, "wanna_execute2": 51}, "caller2time": {"get_transaction_sequence": 0.66914, "integer": 1.6821399999999997, "is_possible": 1.6684229999999995, "mutation_pruner": 0.8030510000000002, "wanna_execute2": 0.09348400000000001}}, "total_states": 4302}