{"create_time": 9.135599, "error": null, "issues": [], "success": true, "sym_cnt": 1, "sym_time": 164.688554, "time": 164.707149, "total_info": {"caller2cnt": {"get_transaction_sequence": 23, "integer": 154, "is_possible": 465, "mutation_pruner": 49, "wanna_execute2": 8}, "caller2time": {"get_transaction_sequence": 0.392118, "integer": 5.977213000000001, "is_possible": 97.54453500000001, "mutation_pruner": 1.1912740000000002, "wanna_execute2": 0.053938999999999994}}, "total_states": 9133}