{"create_time": 4.986995, "error": null, "issues": [], "success": true, "sym_cnt": 1, "sym_time": 541.527605, "time": 541.580341, "total_info": {"caller2cnt": {"ether_thief": 165, "get_transaction_sequence": 1378, "integer": 748, "is_possible": 2459, "mutation_pruner": 495, "state_cahnge_exernal_calls1": 165, "state_cahnge_exernal_calls3": 147, "wanna_execute2": 5348, "wanna_execute3": 3185}, "caller2time": {"ether_thief": 69.44778299999997, "get_transaction_sequence": 81.866921, "integer": 2.2243409999999986, "is_possible": 132.10553000000004, "mutation_pruner": 21.599748000000005, "state_cahnge_exernal_calls1": 0.9203540000000002, "state_cahnge_exernal_calls3": 9.113354, "wanna_execute2": 0.5946530000000148, "wanna_execute3": 0.3322219999999945}}, "total_states": 62205}