{"create_time": 0.791893, "error": null, "issues": [], "success": true, "sym_cnt": 1, "sym_time": 16.812891, "time": 16.832172, "total_info": {"caller2cnt": {"get_transaction_sequence": 64, "integer": 63, "is_possible": 37, "mutation_pruner": 35, "wanna_execute2": 484, "wanna_execute3": 280}, "caller2time": {"get_transaction_sequence": 0.14645699999999998, "integer": 0.5509919999999998, "is_possible": 0.852287, "mutation_pruner": 0.05728199999999999, "wanna_execute2": 0.055951, "wanna_execute3": 0.028896000000000005}}, "total_states": 3900}