{"create_time": 1.641326, "error": null, "issues": [], "success": true, "sym_cnt": 1, "sym_time": 28.724294, "time": 28.744523, "total_info": {"caller2cnt": {"get_transaction_sequence": 26, "integer": 63, "is_possible": 54, "mutation_pruner": 33, "wanna_execute2": 51}, "caller2time": {"get_transaction_sequence": 0.7068580000000001, "integer": 2.166354000000001, "is_possible": 2.868304000000001, "mutation_pruner": 0.8657870000000002, "wanna_execute2": 0.14458099999999996}}, "total_states": 4302}