{"create_time": 9.563767, "error": null, "issues": [], "success": true, "sym_cnt": 1, "sym_time": 156.753217, "time": 156.773055, "total_info": {"caller2cnt": {"get_transaction_sequence": 24, "integer": 183, "is_possible": 317, "mutation_pruner": 62, "wanna_execute2": 83, "wanna_execute3": 10}, "caller2time": {"get_transaction_sequence": 0.4681399999999999, "integer": 12.254642999999994, "is_possible": 79.509478, "mutation_pruner": 1.7824910000000003, "wanna_execute2": 0.17364899999999991, "wanna_execute3": 0.00118}}, "total_states": 10730}