{"create_time": 1.127336, "error": null, "issues": [], "success": true, "sym_cnt": 1, "sym_time": 10.940313, "time": 10.972609, "total_info": {"caller2cnt": {"get_transaction_sequence": 16, "integer": 32, "is_possible": 25, "mutation_pruner": 12, "wanna_execute2": 12}, "caller2time": {"get_transaction_sequence": 0.11289000000000002, "integer": 0.48536599999999996, "is_possible": 0.9770979999999999, "mutation_pruner": 0.08514500000000001, "wanna_execute2": 0.085923}}, "total_states": 1549}