{"create_time": 4.925325, "error": null, "issues": [], "success": true, "sym_cnt": 1, "sym_time": 319.157975, "time": 319.212753, "total_info": {"caller2cnt": {"ether_thief": 165, "get_transaction_sequence": 1296, "integer": 748, "is_possible": 503, "mutation_pruner": 495, "state_cahnge_exernal_calls1": 165, "state_cahnge_exernal_calls3": 147, "wanna_execute2": 7023, "wanna_execute3": 4342}, "caller2time": {"ether_thief": 19.241257000000004, "get_transaction_sequence": 39.125705000000075, "integer": 2.1266499999999993, "is_possible": 4.194840999999996, "mutation_pruner": 19.458176999999978, "state_cahnge_exernal_calls1": 0.7873840000000003, "state_cahnge_exernal_calls3": 7.955372999999999, "wanna_execute2": 0.7861570000000307, "wanna_execute3": 0.46538200000001306}}, "total_states": 64007}