{"create_time": 9.139302, "error": null, "issues": [], "success": true, "sym_cnt": 1, "sym_time": 63.996539, "time": 64.016461, "total_info": {"caller2cnt": {"get_transaction_sequence": 17, "integer": 119, "is_possible": 140, "mutation_pruner": 42, "wanna_execute2": 5}, "caller2time": {"get_transaction_sequence": 0.19475900000000002, "integer": 2.1778520000000006, "is_possible": 9.998396000000003, "mutation_pruner": 0.8328789999999999, "wanna_execute2": 0.011609999999999999}}, "total_states": 7898}