{"create_time": 3.362894, "error": null, "issues": [], "success": true, "sym_cnt": 1, "sym_time": 220.66704, "time": 220.687492, "total_info": {"caller2cnt": {"get_transaction_sequence": 14, "integer": 39, "is_possible": 231, "mutation_pruner": 20, "wanna_execute2": 21}, "caller2time": {"get_transaction_sequence": 0.36669999999999997, "integer": 6.644595000000001, "is_possible": 174.61006499999996, "mutation_pruner": 0.8265699999999999, "wanna_execute2": 0.373695}}, "total_states": 4803}