{"create_time": 9.625024, "error": null, "issues": [], "success": true, "sym_cnt": 1, "sym_time": 1101.750042, "time": 1101.770473, "total_info": {"caller2cnt": {"get_transaction_sequence": 31, "integer": 274, "is_possible": 998, "mutation_pruner": 87, "wanna_execute2": 110, "wanna_execute3": 12}, "caller2time": {"get_transaction_sequence": 1.1637889999999997, "integer": 51.48181400000003, "is_possible": 939.3953609999998, "mutation_pruner": 4.7788819999999985, "wanna_execute2": 0.32627799999999996, "wanna_execute3": 0.00144}}, "total_states": 16916}