{"create_time": 1.676311, "error": null, "issues": [], "success": true, "sym_cnt": 1, "sym_time": 75.124754, "time": 75.144584, "total_info": {"caller2cnt": {"get_transaction_sequence": 19, "integer": 55, "is_possible": 217, "mutation_pruner": 29, "wanna_execute2": 48}, "caller2time": {"get_transaction_sequence": 0.412885, "integer": 1.8073899999999998, "is_possible": 50.981647000000024, "mutation_pruner": 0.6456529999999999, "wanna_execute2": 0.15149499999999996}}, "total_states": 3882}