{"create_time": 0.79669, "error": null, "issues": [], "success": true, "sym_cnt": 1, "sym_time": 44.274067, "time": 44.293737, "total_info": {"caller2cnt": {"get_transaction_sequence": 64, "integer": 63, "is_possible": 205, "mutation_pruner": 35, "wanna_execute2": 484, "wanna_execute3": 280}, "caller2time": {"get_transaction_sequence": 0.14961000000000008, "integer": 0.5799070000000003, "is_possible": 28.040351999999995, "mutation_pruner": 0.058443999999999996, "wanna_execute2": 0.056421000000000054, "wanna_execute3": 0.029122999999999986}}, "total_states": 3900}