{"create_time": 0.928039, "error": null, "issues": [], "success": true, "sym_cnt": 1, "sym_time": 15.478527, "time": 15.497539, "total_info": {"caller2cnt": {"ether_thief": 3, "get_transaction_sequence": 11, "integer": 8, "is_possible": 45, "mutation_pruner": 2, "state_cahnge_exernal_calls1": 3}, "caller2time": {"ether_thief": 0.006385, "get_transaction_sequence": 2.7407809999999992, "integer": 0.047958999999999995, "is_possible": 5.815363999999999, "mutation_pruner": 0.0028640000000000002, "state_cahnge_exernal_calls1": 0.8348209999999999}}, "total_states": 765}