{"create_time": 5.022552, "error": null, "issues": [], "success": true, "sym_cnt": 1, "sym_time": 385.305334, "time": 385.356509, "total_info": {"caller2cnt": {"ether_thief": 149, "get_transaction_sequence": 1158, "integer": 684, "is_possible": 2221, "mutation_pruner": 444, "state_cahnge_exernal_calls1": 149, "state_cahnge_exernal_calls3": 134, "wanna_execute2": 4440, "wanna_execute3": 2660}, "caller2time": {"ether_thief": 18.207808, "get_transaction_sequence": 35.03380099999998, "integer": 1.9675170000000013, "is_possible": 106.30953600000007, "mutation_pruner": 16.585254, "state_cahnge_exernal_calls1": 0.7734239999999999, "state_cahnge_exernal_calls3": 7.2787159999999975, "wanna_execute2": 0.4967460000000078, "wanna_execute3": 0.27825399999999345}}, "total_states": 55777}