{"create_time": 1.108734, "error": null, "issues": [], "success": true, "sym_cnt": 1, "sym_time": 18.70781, "time": 18.726203, "total_info": {"caller2cnt": {"get_transaction_sequence": 16, "integer": 32, "is_possible": 65, "mutation_pruner": 12, "wanna_execute2": 12}, "caller2time": {"get_transaction_sequence": 0.10851699999999999, "integer": 0.30248, "is_possible": 7.603965000000001, "mutation_pruner": 0.07042899999999999, "wanna_execute2": 0.05262599999999999}}, "total_states": 1549}