{"create_time": 9.054538, "error": null, "issues": [], "success": true, "sym_cnt": 1, "sym_time": 505.063274, "time": 505.082988, "total_info": {"caller2cnt": {"get_transaction_sequence": 31, "integer": 251, "is_possible": 908, "mutation_pruner": 89, "wanna_execute2": 133, "wanna_execute3": 12}, "caller2time": {"get_transaction_sequence": 0.8426699999999999, "integer": 16.822953000000002, "is_possible": 372.4473559999993, "mutation_pruner": 3.3624359999999998, "wanna_execute2": 0.2324449999999998, "wanna_execute3": 0.001372}}, "total_states": 16079}