{"create_time": 0.77462, "error": null, "issues": [], "success": true, "sym_cnt": 1, "sym_time": 24.030875, "time": 24.049057, "total_info": {"caller2cnt": {"get_transaction_sequence": 64, "integer": 63, "is_possible": 205, "mutation_pruner": 35, "wanna_execute2": 484, "wanna_execute3": 280}, "caller2time": {"get_transaction_sequence": 0.14992899999999995, "integer": 0.233384, "is_possible": 6.243760000000004, "mutation_pruner": 0.054804000000000005, "wanna_execute2": 0.0558229999999999, "wanna_execute3": 0.028300999999999958}}, "total_states": 3900}