{"create_time": 0.805599, "error": null, "issues": [], "success": true, "sym_cnt": 1, "sym_time": 11.829339, "time": 11.848931, "total_info": {"caller2cnt": {"get_transaction_sequence": 13, "integer": 15, "is_possible": 41, "mutation_pruner": 9, "wanna_execute2": 10}, "caller2time": {"get_transaction_sequence": 0.10354899999999999, "integer": 1.6155739999999998, "is_possible": 2.1497010000000008, "mutation_pruner": 0.07427399999999999, "wanna_execute2": 0.047471}}, "total_states": 1062}