{"create_time": 0.790512, "error": null, "issues": [], "success": true, "sym_cnt": 1, "sym_time": 39.055626, "time": 39.074619, "total_info": {"caller2cnt": {"get_transaction_sequence": 64, "integer": 63, "is_possible": 205, "mutation_pruner": 35, "wanna_execute2": 484, "wanna_execute3": 280}, "caller2time": {"get_transaction_sequence": 0.147625, "integer": 0.5851330000000002, "is_possible": 22.723835999999988, "mutation_pruner": 0.057774000000000006, "wanna_execute2": 0.05818000000000007, "wanna_execute3": 0.030179999999999967}}, "total_states": 3900}