{"create_time": 5.261902, "error": null, "issues": [], "success": true, "sym_cnt": 1, "sym_time": 729.755051, "time": 729.778123, "total_info": {"caller2cnt": {"ether_thief": 165, "get_transaction_sequence": 1337, "integer": 748, "is_possible": 2459, "mutation_pruner": 493, "state_cahnge_exernal_calls1": 165, "state_cahnge_exernal_calls3": 147, "wanna_execute2": 5348, "wanna_execute3": 3185}, "caller2time": {"ether_thief": 103.46386600000004, "get_transaction_sequence": 108.0588989999998, "integer": 2.2658080000000016, "is_possible": 229.84864499999975, "mutation_pruner": 32.65811499999999, "state_cahnge_exernal_calls1": 11.188948999999997, "state_cahnge_exernal_calls3": 15.031963000000005, "wanna_execute2": 0.6019090000000166, "wanna_execute3": 0.337697999999997}}, "total_states": 62173}