{"create_time": 4.921271, "error": null, "issues": [], "success": true, "sym_cnt": 1, "sym_time": 354.007983, "time": 354.075602, "total_info": {"caller2cnt": {"ether_thief": 164, "get_transaction_sequence": 1286, "integer": 748, "is_possible": 1130, "mutation_pruner": 493, "state_cahnge_exernal_calls1": 164, "state_cahnge_exernal_calls3": 146, "wanna_execute2": 7023, "wanna_execute3": 4342}, "caller2time": {"ether_thief": 19.724078, "get_transaction_sequence": 38.75843900000004, "integer": 2.1513489999999975, "is_possible": 39.20224000000006, "mutation_pruner": 19.14061000000001, "state_cahnge_exernal_calls1": 0.8398290000000002, "state_cahnge_exernal_calls3": 7.902153999999997, "wanna_execute2": 0.7786160000000308, "wanna_execute3": 0.4577450000000094}}, "total_states": 63932}