{"create_time": 1.673699, "error": null, "issues": [], "success": true, "sym_cnt": 1, "sym_time": 47.88188, "time": 47.900376, "total_info": {"caller2cnt": {"ether_thief": 16, "get_transaction_sequence": 72, "integer": 78, "is_possible": 132, "mutation_pruner": 47, "state_cahnge_exernal_calls1": 16, "state_cahnge_exernal_calls2": 12, "state_cahnge_exernal_calls3": 1}, "caller2time": {"ether_thief": 2.0023769999999996, "get_transaction_sequence": 5.783183999999999, "integer": 2.3802609999999995, "is_possible": 8.830287999999998, "mutation_pruner": 2.4586919999999997, "state_cahnge_exernal_calls1": 1.7496319999999999, "state_cahnge_exernal_calls2": 0.8570010000000001, "state_cahnge_exernal_calls3": 0.06491}}, "total_states": 4456}