{"create_time": 1.114244, "error": null, "issues": [], "success": true, "sym_cnt": 1, "sym_time": 7.349191, "time": 7.367545, "total_info": {"caller2cnt": {"get_transaction_sequence": 11, "integer": 22, "is_possible": 24, "mutation_pruner": 8, "wanna_execute2": 1}, "caller2time": {"get_transaction_sequence": 0.053602000000000004, "integer": 0.15107700000000002, "is_possible": 0.35180800000000007, "mutation_pruner": 0.033419000000000004, "wanna_execute2": 0.020251}}, "total_states": 1046}