{"create_time": 1.630979, "error": null, "issues": [], "success": true, "sym_cnt": 1, "sym_time": 22.186512, "time": 22.204196, "total_info": {"caller2cnt": {"get_transaction_sequence": 14, "integer": 46, "is_possible": 57, "mutation_pruner": 24, "wanna_execute2": 34}, "caller2time": {"get_transaction_sequence": 0.236601, "integer": 0.9366380000000001, "is_possible": 2.0471139999999997, "mutation_pruner": 0.4473459999999999, "wanna_execute2": 0.07061299999999997}}, "total_states": 3386}