{"create_time": 0.239748, "error": null, "issues": [], "success": true, "sym_cnt": 1, "sym_time": 3.296954, "time": 3.315125, "total_info": {"caller2cnt": {"get_transaction_sequence": 6, "integer": 9, "is_possible": 13, "mutation_pruner": 3, "wanna_execute2": 6}, "caller2time": {"get_transaction_sequence": 0.23217700000000002, "integer": 0.11012999999999999, "is_possible": 0.053297000000000004, "mutation_pruner": 0.0018669999999999997, "wanna_execute2": 0.001511}}, "total_states": 330}