{"create_time": 0.839803, "error": null, "issues": [], "success": true, "sym_cnt": 1, "sym_time": 16.354533, "time": 16.373061, "total_info": {"caller2cnt": {"get_transaction_sequence": 64, "integer": 63, "is_possible": 37, "mutation_pruner": 35, "wanna_execute2": 484, "wanna_execute3": 280}, "caller2time": {"get_transaction_sequence": 0.14446900000000001, "integer": 0.19855399999999995, "is_possible": 0.34861700000000007, "mutation_pruner": 0.05001800000000001, "wanna_execute2": 0.05484699999999986, "wanna_execute3": 0.02845100000000005}}, "total_states": 3900}