{"create_time": 105.607287, "error": null, "issues": [], "success": true, "sym_cnt": 1, "sym_time": 470.134055, "time": 470.15268, "total_info": {"caller2cnt": {"ether_thief": 2, "get_transaction_sequence": 91, "integer": 208, "is_possible": 170, "mutation_pruner": 34, "state_cahnge_exernal_calls1": 2, "state_cahnge_exernal_calls2": 2, "wanna_execute2": 42}, "caller2time": {"ether_thief": 0.201334, "get_transaction_sequence": 3.972872999999999, "integer": 10.233215000000003, "is_possible": 18.473874000000006, "mutation_pruner": 1.8054939999999995, "state_cahnge_exernal_calls1": 0.18581199999999998, "state_cahnge_exernal_calls2": 0.192661, "wanna_execute2": 0.05631900000000002}}, "total_states": 24936}