{"create_time": 21.560755, "error": null, "issues": [], "success": true, "sym_cnt": 1, "sym_time": 411.129728, "time": 411.149609, "total_info": {"caller2cnt": {"ether_thief": 40, "get_transaction_sequence": 189, "integer": 404, "is_possible": 421, "mutation_pruner": 258, "state_cahnge_exernal_calls1": 40, "state_cahnge_exernal_calls2": 1, "state_cahnge_exernal_calls3": 28}, "caller2time": {"ether_thief": 5.962884999999999, "get_transaction_sequence": 20.024769999999997, "integer": 29.977040999999993, "is_possible": 71.34115999999996, "mutation_pruner": 14.979897999999999, "state_cahnge_exernal_calls1": 6.263148, "state_cahnge_exernal_calls2": 0.059028, "state_cahnge_exernal_calls3": 6.279882999999999}}, "total_states": 33958}