{"create_time": 1.692747, "error": null, "issues": [], "success": true, "sym_cnt": 1, "sym_time": 61.689192, "time": 61.707279, "total_info": {"caller2cnt": {"ether_thief": 24, "get_transaction_sequence": 93, "integer": 90, "is_possible": 113, "mutation_pruner": 64, "state_cahnge_exernal_calls1": 24, "state_cahnge_exernal_calls2": 6}, "caller2time": {"ether_thief": 2.4170990000000003, "get_transaction_sequence": 6.687511999999998, "integer": 3.6114770000000003, "is_possible": 7.890658000000001, "mutation_pruner": 3.4975239999999994, "state_cahnge_exernal_calls1": 2.4532530000000006, "state_cahnge_exernal_calls2": 0.334612}}, "total_states": 6581}