{"create_time": 0.787176, "error": null, "issues": [], "success": true, "sym_cnt": 1, "sym_time": 8.567438, "time": 8.587148, "total_info": {"caller2cnt": {"get_transaction_sequence": 28, "integer": 27, "is_possible": 89, "mutation_pruner": 15, "wanna_execute2": 40}, "caller2time": {"get_transaction_sequence": 0.0506, "integer": 0.06316300000000001, "is_possible": 1.4831720000000002, "mutation_pruner": 0.018285000000000003, "wanna_execute2": 0.005724999999999999}}, "total_states": 1684}