{"create_time": 4.885387, "error": null, "issues": [], "success": true, "sym_cnt": 1, "sym_time": 477.113639, "time": 477.175145, "total_info": {"caller2cnt": {"ether_thief": 165, "get_transaction_sequence": 1321, "integer": 748, "is_possible": 2459, "mutation_pruner": 495, "state_cahnge_exernal_calls1": 165, "state_cahnge_exernal_calls3": 147, "wanna_execute2": 5348, "wanna_execute3": 3185}, "caller2time": {"ether_thief": 35.831011, "get_transaction_sequence": 60.654410000000055, "integer": 2.1526039999999997, "is_possible": 127.42228500000002, "mutation_pruner": 22.57169200000001, "state_cahnge_exernal_calls1": 0.8732779999999997, "state_cahnge_exernal_calls3": 8.783294999999999, "wanna_execute2": 0.5889370000000134, "wanna_execute3": 0.330095999999995}}, "total_states": 62191}