{"create_time": 9.512723, "error": null, "issues": [], "success": true, "sym_cnt": 1, "sym_time": 364.797514, "time": 364.818437, "total_info": {"caller2cnt": {"get_transaction_sequence": 35, "integer": 309, "is_possible": 330, "mutation_pruner": 112, "wanna_execute2": 156, "wanna_execute3": 8}, "caller2time": {"get_transaction_sequence": 1.543075, "integer": 45.006265000000006, "is_possible": 186.09828200000007, "mutation_pruner": 6.30547, "wanna_execute2": 0.23721299999999998, "wanna_execute3": 0.000975}}, "total_states": 20848}