{"create_time": 0.806146, "error": null, "issues": [], "success": true, "sym_cnt": 1, "sym_time": 16.872007, "time": 16.892031, "total_info": {"caller2cnt": {"get_transaction_sequence": 64, "integer": 63, "is_possible": 37, "mutation_pruner": 35, "wanna_execute2": 484, "wanna_execute3": 280}, "caller2time": {"get_transaction_sequence": 0.14789999999999998, "integer": 0.5636420000000001, "is_possible": 0.862692, "mutation_pruner": 0.05760200000000001, "wanna_execute2": 0.05731400000000006, "wanna_execute3": 0.029659999999999985}}, "total_states": 3900}