{"create_time": 0.837693, "error": null, "issues": [], "success": true, "sym_cnt": 1, "sym_time": 9.776773, "time": 9.796923, "total_info": {"caller2cnt": {"get_transaction_sequence": 13, "integer": 15, "is_possible": 15, "mutation_pruner": 9, "wanna_execute2": 10}, "caller2time": {"get_transaction_sequence": 0.10742600000000001, "integer": 2.1950839999999996, "is_possible": 0.444106, "mutation_pruner": 0.08001899999999999, "wanna_execute2": 0.06886500000000001}}, "total_states": 1062}