{"create_time": 4.963202, "error": null, "issues": [], "success": true, "sym_cnt": 1, "sym_time": 423.813315, "time": 423.876489, "total_info": {"caller2cnt": {"ether_thief": 165, "get_transaction_sequence": 1379, "integer": 748, "is_possible": 786, "mutation_pruner": 495, "state_cahnge_exernal_calls1": 165, "state_cahnge_exernal_calls3": 147, "wanna_execute2": 7023, "wanna_execute3": 4342}, "caller2time": {"ether_thief": 67.65078700000002, "get_transaction_sequence": 78.60188000000011, "integer": 2.2313219999999974, "is_possible": 16.20842, "mutation_pruner": 20.746645000000008, "state_cahnge_exernal_calls1": 0.89722, "state_cahnge_exernal_calls3": 8.528509999999995, "wanna_execute2": 0.8001940000000334, "wanna_execute3": 0.46920900000001303}}, "total_states": 64007}