{"create_time": 9.218206, "error": null, "issues": [], "success": true, "sym_cnt": 1, "sym_time": 111.134516, "time": 111.153136, "total_info": {"caller2cnt": {"get_transaction_sequence": 23, "integer": 154, "is_possible": 238, "mutation_pruner": 49, "wanna_execute2": 8}, "caller2time": {"get_transaction_sequence": 0.39263600000000004, "integer": 5.855209999999999, "is_possible": 47.34488799999999, "mutation_pruner": 1.1913259999999999, "wanna_execute2": 0.054904}}, "total_states": 9147}