{"create_time": 5.147803, "error": null, "issues": [], "success": true, "sym_cnt": 1, "sym_time": 609.623894, "time": 609.646214, "total_info": {"caller2cnt": {"ether_thief": 157, "get_transaction_sequence": 1228, "integer": 704, "is_possible": 2319, "mutation_pruner": 464, "state_cahnge_exernal_calls1": 157, "state_cahnge_exernal_calls3": 139, "wanna_execute2": 5013, "wanna_execute3": 2981}, "caller2time": {"ether_thief": 58.54229100000003, "get_transaction_sequence": 77.07654000000011, "integer": 2.125058999999999, "is_possible": 202.81363000000027, "mutation_pruner": 30.19139800000001, "state_cahnge_exernal_calls1": 10.24065, "state_cahnge_exernal_calls3": 13.594399, "wanna_execute2": 0.5646900000000149, "wanna_execute3": 0.3177649999999993}}, "total_states": 58683}