{"create_time": 0.833503, "error": null, "issues": [], "success": true, "sym_cnt": 1, "sym_time": 7.236101, "time": 7.255192, "total_info": {"caller2cnt": {"get_transaction_sequence": 9, "integer": 10, "is_possible": 28, "mutation_pruner": 6, "wanna_execute2": 1}, "caller2time": {"get_transaction_sequence": 0.054852000000000005, "integer": 0.7510929999999999, "is_possible": 1.5074429999999999, "mutation_pruner": 0.040538000000000005, "wanna_execute2": 0.01413}}, "total_states": 722}