{"create_time": 1.215102, "error": null, "issues": [], "success": true, "sym_cnt": 1, "sym_time": 22.591424, "time": 22.612234, "total_info": {"caller2cnt": {"get_transaction_sequence": 16, "integer": 32, "is_possible": 65, "mutation_pruner": 12, "wanna_execute2": 12}, "caller2time": {"get_transaction_sequence": 0.11587799999999998, "integer": 0.4982740000000001, "is_possible": 12.169082000000003, "mutation_pruner": 0.08191999999999999, "wanna_execute2": 0.08700300000000001}}, "total_states": 1549}