{"create_time": 1.635876, "error": null, "issues": [], "success": true, "sym_cnt": 1, "sym_time": 76.613962, "time": 76.633479, "total_info": {"caller2cnt": {"get_transaction_sequence": 19, "integer": 55, "is_possible": 217, "mutation_pruner": 29, "wanna_execute2": 48}, "caller2time": {"get_transaction_sequence": 0.42274100000000003, "integer": 1.8278549999999998, "is_possible": 52.292379000000004, "mutation_pruner": 0.641404, "wanna_execute2": 0.15150900000000003}}, "total_states": 3882}