{"create_time": 9.71578, "error": null, "issues": [], "success": true, "sym_cnt": 1, "sym_time": 1655.292688, "time": 1655.321368, "total_info": {"caller2cnt": {"get_transaction_sequence": 38, "integer": 316, "is_possible": 1172, "mutation_pruner": 114, "wanna_execute2": 180, "wanna_execute3": 10}, "caller2time": {"get_transaction_sequence": 1.7993499999999998, "integer": 54.52377100000002, "is_possible": 1453.1628520000004, "mutation_pruner": 7.275663999999998, "wanna_execute2": 0.4346880000000001, "wanna_execute3": 0.001193}}, "total_states": 20832}