{"create_time": 0.814068, "error": null, "issues": [], "success": true, "sym_cnt": 1, "sym_time": 45.33094, "time": 45.351183, "total_info": {"caller2cnt": {"get_transaction_sequence": 64, "integer": 63, "is_possible": 205, "mutation_pruner": 35, "wanna_execute2": 484, "wanna_execute3": 280}, "caller2time": {"get_transaction_sequence": 0.15502999999999992, "integer": 0.5889430000000001, "is_possible": 28.767203000000002, "mutation_pruner": 0.060024000000000015, "wanna_execute2": 0.05703900000000001, "wanna_execute3": 0.029307000000000007}}, "total_states": 3900}