{"create_time": 0.503302, "error": null, "issues": [], "success": true, "sym_cnt": 1, "sym_time": 6.211058, "time": 6.232183, "total_info": {"caller2cnt": {"ether_thief": 2, "get_transaction_sequence": 9, "integer": 8, "is_possible": 22, "mutation_pruner": 13, "state_cahnge_exernal_calls1": 2, "state_cahnge_exernal_calls3": 2}, "caller2time": {"ether_thief": 0.5889059999999999, "get_transaction_sequence": 0.440226, "integer": 0.006832999999999999, "is_possible": 2.0651900000000003, "mutation_pruner": 0.23248299999999997, "state_cahnge_exernal_calls1": 0.11310600000000001, "state_cahnge_exernal_calls3": 0.09134400000000001}}, "total_states": 559}