{"create_time": 0.503866, "error": null, "issues": [], "success": true, "sym_cnt": 1, "sym_time": 5.32413, "time": 5.345262, "total_info": {"caller2cnt": {"ether_thief": 2, "get_transaction_sequence": 9, "integer": 8, "is_possible": 22, "mutation_pruner": 13, "state_cahnge_exernal_calls1": 2, "state_cahnge_exernal_calls3": 2}, "caller2time": {"ether_thief": 1.3891090000000001, "get_transaction_sequence": 0.30395300000000003, "integer": 0.006887999999999999, "is_possible": 0.49268900000000004, "mutation_pruner": 0.23737200000000003, "state_cahnge_exernal_calls1": 0.10530600000000001, "state_cahnge_exernal_calls3": 0.09767999999999999}}, "total_states": 559}