{"create_time": 0.786286, "error": null, "issues": [], "success": true, "sym_cnt": 1, "sym_time": 7.562083, "time": 7.581846, "total_info": {"caller2cnt": {"get_transaction_sequence": 28, "integer": 27, "is_possible": 33, "mutation_pruner": 15, "wanna_execute2": 40}, "caller2time": {"get_transaction_sequence": 0.05441399999999999, "integer": 0.16701399999999997, "is_possible": 0.5941009999999999, "mutation_pruner": 0.020859, "wanna_execute2": 0.0060139999999999985}}, "total_states": 1684}