{"create_time": 5.167807, "error": null, "issues": [], "success": true, "sym_cnt": 1, "sym_time": 684.87614, "time": 684.898707, "total_info": {"caller2cnt": {"ether_thief": 165, "get_transaction_sequence": 1379, "integer": 748, "is_possible": 528, "mutation_pruner": 495, "state_cahnge_exernal_calls1": 165, "state_cahnge_exernal_calls3": 147, "wanna_execute2": 7023, "wanna_execute3": 4342}, "caller2time": {"ether_thief": 259.9301400000001, "get_transaction_sequence": 111.3928519999999, "integer": 2.366549000000003, "is_possible": 11.741546999999992, "mutation_pruner": 34.18580999999998, "state_cahnge_exernal_calls1": 11.206175, "state_cahnge_exernal_calls3": 15.928154999999995, "wanna_execute2": 0.8201279999999994, "wanna_execute3": 0.4799660000000013}}, "total_states": 64007}