{"create_time": 9.018202, "error": null, "issues": [], "success": true, "sym_cnt": 1, "sym_time": 57.701028, "time": 57.718652, "total_info": {"caller2cnt": {"get_transaction_sequence": 16, "integer": 115, "is_possible": 168, "mutation_pruner": 37, "wanna_execute2": 14}, "caller2time": {"get_transaction_sequence": 0.15319, "integer": 1.7992039999999994, "is_possible": 12.501557, "mutation_pruner": 0.6310089999999999, "wanna_execute2": 0.0024230000000000002}}, "total_states": 6938}