{"create_time": 0.758178, "error": null, "issues": [], "success": true, "sym_cnt": 1, "sym_time": 15.958803, "time": 15.976736, "total_info": {"caller2cnt": {"get_transaction_sequence": 64, "integer": 63, "is_possible": 37, "mutation_pruner": 35, "wanna_execute2": 484, "wanna_execute3": 280}, "caller2time": {"get_transaction_sequence": 0.14293900000000004, "integer": 0.19587999999999994, "is_possible": 0.34345699999999996, "mutation_pruner": 0.049066000000000005, "wanna_execute2": 0.053994999999999925, "wanna_execute3": 0.028267999999999977}}, "total_states": 3900}