{"create_time": 1.656788, "error": null, "issues": [], "success": true, "sym_cnt": 1, "sym_time": 66.029835, "time": 66.047882, "total_info": {"caller2cnt": {"ether_thief": 16, "get_transaction_sequence": 72, "integer": 78, "is_possible": 217, "mutation_pruner": 49, "state_cahnge_exernal_calls1": 16, "state_cahnge_exernal_calls2": 12, "state_cahnge_exernal_calls3": 1}, "caller2time": {"ether_thief": 2.0670369999999996, "get_transaction_sequence": 5.889551999999999, "integer": 2.4191050000000005, "is_possible": 22.947670000000002, "mutation_pruner": 2.5416090000000002, "state_cahnge_exernal_calls1": 1.7730440000000003, "state_cahnge_exernal_calls2": 0.8827749999999999, "state_cahnge_exernal_calls3": 0.069951}}, "total_states": 5050}