{"create_time": 0.462875, "error": null, "issues": [], "success": true, "sym_cnt": 1, "sym_time": 11.24235, "time": 11.260891, "total_info": {"caller2cnt": {"ether_thief": 8, "get_transaction_sequence": 36, "integer": 20, "is_possible": 54, "mutation_pruner": 40, "state_cahnge_exernal_calls1": 8, "state_cahnge_exernal_calls3": 8, "wanna_execute2": 10}, "caller2time": {"ether_thief": 0.25924100000000005, "get_transaction_sequence": 1.6108229999999997, "integer": 0.016236000000000004, "is_possible": 1.0436189999999999, "mutation_pruner": 0.833681, "state_cahnge_exernal_calls1": 0.147841, "state_cahnge_exernal_calls3": 0.11828799999999999, "wanna_execute2": 0.0018419999999999999}}, "total_states": 1675}