{"create_time": 5.241071, "error": null, "issues": [], "success": true, "sym_cnt": 1, "sym_time": 514.16974, "time": 514.19128, "total_info": {"caller2cnt": {"ether_thief": 165, "get_transaction_sequence": 1357, "integer": 748, "is_possible": 503, "mutation_pruner": 495, "state_cahnge_exernal_calls1": 165, "state_cahnge_exernal_calls3": 147, "wanna_execute2": 7023, "wanna_execute3": 4342}, "caller2time": {"ether_thief": 102.63480700000002, "get_transaction_sequence": 101.55411599999996, "integer": 2.297266000000001, "is_possible": 8.947339999999995, "mutation_pruner": 33.39682599999998, "state_cahnge_exernal_calls1": 10.624131000000004, "state_cahnge_exernal_calls3": 14.342063, "wanna_execute2": 0.8227220000000032, "wanna_execute3": 0.48465600000000836}}, "total_states": 64007}