{"create_time": 0.47662, "error": null, "issues": [], "success": true, "sym_cnt": 1, "sym_time": 34.622101, "time": 34.641751, "total_info": {"caller2cnt": {"ether_thief": 19, "get_transaction_sequence": 88, "integer": 48, "is_possible": 121, "mutation_pruner": 103, "state_cahnge_exernal_calls1": 19, "state_cahnge_exernal_calls3": 19, "wanna_execute2": 10}, "caller2time": {"ether_thief": 0.8998979999999999, "get_transaction_sequence": 6.518786000000001, "integer": 0.051391999999999986, "is_possible": 4.608981999999999, "mutation_pruner": 3.5357729999999994, "state_cahnge_exernal_calls1": 0.6990879999999999, "state_cahnge_exernal_calls3": 0.42712999999999995, "wanna_execute2": 0.0020840000000000003}}, "total_states": 3781}