{"create_time": 0.473246, "error": null, "issues": [], "success": true, "sym_cnt": 1, "sym_time": 50.974545, "time": 50.994268, "total_info": {"caller2cnt": {"ether_thief": 27, "get_transaction_sequence": 125, "integer": 74, "is_possible": 166, "mutation_pruner": 138, "state_cahnge_exernal_calls1": 27, "state_cahnge_exernal_calls3": 27, "wanna_execute2": 5}, "caller2time": {"ether_thief": 1.635323, "get_transaction_sequence": 9.070359000000003, "integer": 0.07365700000000001, "is_possible": 7.6342880000000015, "mutation_pruner": 5.100233999999999, "state_cahnge_exernal_calls1": 1.1389350000000003, "state_cahnge_exernal_calls3": 1.1355330000000001, "wanna_execute2": 0.0013609999999999998}}, "total_states": 5317}