{"create_time": 9.113111, "error": null, "issues": [], "success": true, "sym_cnt": 1, "sym_time": 59.986637, "time": 60.005019, "total_info": {"caller2cnt": {"get_transaction_sequence": 16, "integer": 115, "is_possible": 168, "mutation_pruner": 37, "wanna_execute2": 14}, "caller2time": {"get_transaction_sequence": 0.152409, "integer": 1.8318889999999992, "is_possible": 13.42383799999999, "mutation_pruner": 0.6360100000000001, "wanna_execute2": 0.0026520000000000003}}, "total_states": 6938}