{"create_time": 0.768725, "error": null, "issues": [], "success": true, "sym_cnt": 1, "sym_time": 39.383278, "time": 39.402099, "total_info": {"caller2cnt": {"get_transaction_sequence": 136, "integer": 135, "is_possible": 45, "mutation_pruner": 75, "wanna_execute2": 1780, "wanna_execute3": 1260}, "caller2time": {"get_transaction_sequence": 0.3988209999999999, "integer": 0.6472500000000004, "is_possible": 0.7692969999999999, "mutation_pruner": 0.13913300000000003, "wanna_execute2": 0.20148699999999714, "wanna_execute3": 0.12819700000000173}}, "total_states": 8332}