{"create_time": 0.801312, "error": null, "issues": [], "success": true, "sym_cnt": 1, "sym_time": 16.799904, "time": 16.819988, "total_info": {"caller2cnt": {"get_transaction_sequence": 64, "integer": 63, "is_possible": 37, "mutation_pruner": 35, "wanna_execute2": 484, "wanna_execute3": 280}, "caller2time": {"get_transaction_sequence": 0.151708, "integer": 0.564442, "is_possible": 0.8668319999999998, "mutation_pruner": 0.058205999999999994, "wanna_execute2": 0.05711300000000004, "wanna_execute3": 0.02933299999999999}}, "total_states": 3900}