{"create_time": 3.370398, "error": null, "issues": [], "success": true, "sym_cnt": 1, "sym_time": 195.386419, "time": 195.405783, "total_info": {"caller2cnt": {"get_transaction_sequence": 23, "integer": 61, "is_possible": 150, "mutation_pruner": 24, "wanna_execute2": 22}, "caller2time": {"get_transaction_sequence": 1.020167, "integer": 15.768066999999999, "is_possible": 134.79799400000002, "mutation_pruner": 1.2951679999999999, "wanna_execute2": 0.4088339999999999}}, "total_states": 5945}