{"create_time": 9.401148, "error": null, "issues": [], "success": true, "sym_cnt": 1, "sym_time": 869.637324, "time": 869.656941, "total_info": {"caller2cnt": {"get_transaction_sequence": 44, "integer": 389, "is_possible": 562, "mutation_pruner": 138, "wanna_execute2": 183, "wanna_execute3": 12}, "caller2time": {"get_transaction_sequence": 2.2224040000000005, "integer": 82.05719399999997, "is_possible": 621.4854129999999, "mutation_pruner": 9.217195999999998, "wanna_execute2": 0.41168, "wanna_execute3": 0.0016589999999999999}}, "total_states": 24608}