{"create_time": 9.131269, "error": null, "issues": [], "success": true, "sym_cnt": 1, "sym_time": 1102.01899, "time": 1102.037936, "total_info": {"caller2cnt": {"get_transaction_sequence": 42, "integer": 354, "is_possible": 1237, "mutation_pruner": 125, "wanna_execute2": 191, "wanna_execute3": 12}, "caller2time": {"get_transaction_sequence": 1.898342, "integer": 36.965, "is_possible": 890.8456809999996, "mutation_pruner": 7.366378000000001, "wanna_execute2": 0.29181999999999997, "wanna_execute3": 0.0013930000000000001}}, "total_states": 22795}