{"create_time": 0.82866, "error": null, "issues": [], "success": true, "sym_cnt": 1, "sym_time": 12.655681, "time": 12.675299, "total_info": {"caller2cnt": {"get_transaction_sequence": 13, "integer": 15, "is_possible": 41, "mutation_pruner": 9, "wanna_execute2": 10}, "caller2time": {"get_transaction_sequence": 0.10579999999999999, "integer": 2.4289799999999993, "is_possible": 2.1123929999999995, "mutation_pruner": 0.075594, "wanna_execute2": 0.047823000000000004}}, "total_states": 1062}