{"create_time": 0.785501, "error": null, "issues": [], "success": true, "sym_cnt": 1, "sym_time": 23.489352, "time": 23.508781, "total_info": {"caller2cnt": {"get_transaction_sequence": 64, "integer": 63, "is_possible": 205, "mutation_pruner": 35, "wanna_execute2": 484, "wanna_execute3": 280}, "caller2time": {"get_transaction_sequence": 0.14862000000000006, "integer": 0.22551900000000008, "is_possible": 6.135763, "mutation_pruner": 0.05289, "wanna_execute2": 0.055850999999999894, "wanna_execute3": 0.028587000000000036}}, "total_states": 3900}