{"create_time": 5.116943, "error": null, "issues": [], "success": true, "sym_cnt": 1, "sym_time": 529.43654, "time": 529.457895, "total_info": {"caller2cnt": {"ether_thief": 165, "get_transaction_sequence": 1366, "integer": 748, "is_possible": 826, "mutation_pruner": 495, "state_cahnge_exernal_calls1": 165, "state_cahnge_exernal_calls3": 147, "wanna_execute2": 7023, "wanna_execute3": 4342}, "caller2time": {"ether_thief": 103.59870399999998, "get_transaction_sequence": 97.73684100000011, "integer": 2.2751980000000023, "is_possible": 31.842487000000016, "mutation_pruner": 33.605802000000025, "state_cahnge_exernal_calls1": 10.600361, "state_cahnge_exernal_calls3": 14.275866, "wanna_execute2": 0.7969990000000352, "wanna_execute3": 0.4667830000000125}}, "total_states": 64007}