{"create_time": 5.140802, "error": null, "issues": [], "success": true, "sym_cnt": 1, "sym_time": 667.71094, "time": 667.732098, "total_info": {"caller2cnt": {"ether_thief": 165, "get_transaction_sequence": 1379, "integer": 748, "is_possible": 686, "mutation_pruner": 495, "state_cahnge_exernal_calls1": 165, "state_cahnge_exernal_calls3": 147, "wanna_execute2": 7023, "wanna_execute3": 4342}, "caller2time": {"ether_thief": 229.03683600000002, "get_transaction_sequence": 106.00428199999996, "integer": 2.3036019999999975, "is_possible": 26.73122000000002, "mutation_pruner": 35.58744399999998, "state_cahnge_exernal_calls1": 11.078037999999992, "state_cahnge_exernal_calls3": 17.085609999999992, "wanna_execute2": 0.8145600000000315, "wanna_execute3": 0.47775700000001253}}, "total_states": 64007}