{"create_time": 3.214997, "error": null, "issues": [], "success": true, "sym_cnt": 1, "sym_time": 46.966703, "time": 46.986168, "total_info": {"caller2cnt": {"get_transaction_sequence": 9, "integer": 27, "is_possible": 105, "mutation_pruner": 11, "wanna_execute2": 6}, "caller2time": {"get_transaction_sequence": 0.199021, "integer": 2.7499890000000002, "is_possible": 21.245143000000002, "mutation_pruner": 0.26578700000000005, "wanna_execute2": 0.09126000000000001}}, "total_states": 2861}