{"create_time": 0.756381, "error": null, "issues": [], "success": true, "sym_cnt": 1, "sym_time": 37.137376, "time": 37.156492, "total_info": {"caller2cnt": {"get_transaction_sequence": 136, "integer": 135, "is_possible": 45, "mutation_pruner": 75, "wanna_execute2": 1780, "wanna_execute3": 1260}, "caller2time": {"get_transaction_sequence": 0.38369200000000003, "integer": 0.5991169999999999, "is_possible": 0.740452, "mutation_pruner": 0.13324899999999998, "wanna_execute2": 0.19386499999999646, "wanna_execute3": 0.12465000000000104}}, "total_states": 8332}