{"create_time": 9.20458, "error": null, "issues": [], "success": true, "sym_cnt": 1, "sym_time": 303.004203, "time": 303.02247, "total_info": {"caller2cnt": {"get_transaction_sequence": 34, "integer": 292, "is_possible": 415, "mutation_pruner": 100, "wanna_execute2": 137, "wanna_execute3": 12}, "caller2time": {"get_transaction_sequence": 1.0749469999999999, "integer": 26.84699999999999, "is_possible": 153.894154, "mutation_pruner": 4.282477999999999, "wanna_execute2": 0.2405739999999999, "wanna_execute3": 0.001335}}, "total_states": 17490}