{"create_time": 1.654589, "error": null, "issues": [], "success": true, "sym_cnt": 1, "sym_time": 89.816336, "time": 89.835421, "total_info": {"caller2cnt": {"get_transaction_sequence": 66, "integer": 153, "is_possible": 86, "mutation_pruner": 83, "wanna_execute2": 224}, "caller2time": {"get_transaction_sequence": 3.8970099999999994, "integer": 9.657566, "is_possible": 6.378826000000001, "mutation_pruner": 4.697519000000001, "wanna_execute2": 0.34045400000000003}}, "total_states": 10582}