{"create_time": 1.128957, "error": null, "issues": [], "success": true, "sym_cnt": 1, "sym_time": 224.22552, "time": 224.244931, "total_info": {"caller2cnt": {"ether_thief": 147, "get_transaction_sequence": 415, "integer": 318, "is_possible": 147, "mutation_pruner": 243, "state_cahnge_exernal_calls1": 147, "state_cahnge_exernal_calls2": 3, "state_cahnge_exernal_calls3": 147, "wanna_execute2": 2, "wanna_execute3": 2}, "caller2time": {"ether_thief": 0.376796, "get_transaction_sequence": 57.74082000000001, "integer": 14.197806000000002, "is_possible": 6.697912999999998, "mutation_pruner": 3.6789550000000006, "state_cahnge_exernal_calls1": 19.996043000000004, "state_cahnge_exernal_calls2": 0.33308499999999996, "state_cahnge_exernal_calls3": 20.365393, "wanna_execute2": 0.000654, "wanna_execute3": 0.000231}}, "total_states": 18947}