{"create_time": 0.772894, "error": null, "issues": [], "success": true, "sym_cnt": 1, "sym_time": 16.52539, "time": 16.543331, "total_info": {"caller2cnt": {"get_transaction_sequence": 64, "integer": 63, "is_possible": 37, "mutation_pruner": 35, "wanna_execute2": 484, "wanna_execute3": 280}, "caller2time": {"get_transaction_sequence": 0.14509100000000003, "integer": 0.19951200000000005, "is_possible": 0.35070300000000004, "mutation_pruner": 0.05137100000000001, "wanna_execute2": 0.05481099999999993, "wanna_execute3": 0.028718000000000077}}, "total_states": 3900}