{"create_time": 1.12664, "error": null, "issues": [], "success": true, "sym_cnt": 1, "sym_time": 38.026569, "time": 38.045951, "total_info": {"caller2cnt": {"ether_thief": 30, "get_transaction_sequence": 91, "integer": 52, "is_possible": 49, "mutation_pruner": 40, "state_cahnge_exernal_calls1": 30, "state_cahnge_exernal_calls3": 30}, "caller2time": {"ether_thief": 1.4250699999999998, "get_transaction_sequence": 6.216215999999999, "integer": 1.9275289999999998, "is_possible": 1.2782459999999998, "mutation_pruner": 1.250466, "state_cahnge_exernal_calls1": 1.7601459999999993, "state_cahnge_exernal_calls3": 1.3718430000000001}}, "total_states": 4630}