{"create_time": 0.942127, "error": null, "issues": [], "success": true, "sym_cnt": 1, "sym_time": 79.809447, "time": 79.827957, "total_info": {"caller2cnt": {"ether_thief": 78, "get_transaction_sequence": 211, "integer": 184, "is_possible": 92, "mutation_pruner": 182, "state_cahnge_exernal_calls1": 78, "state_cahnge_exernal_calls2": 15, "state_cahnge_exernal_calls3": 78}, "caller2time": {"ether_thief": 0.13236500000000004, "get_transaction_sequence": 7.384630999999999, "integer": 1.120084, "is_possible": 0.9648200000000002, "mutation_pruner": 2.2585360000000003, "state_cahnge_exernal_calls1": 2.9103650000000005, "state_cahnge_exernal_calls2": 0.43229800000000007, "state_cahnge_exernal_calls3": 2.8373470000000003}}, "total_states": 12624}