{"create_time": 1.652671, "error": null, "issues": [], "success": true, "sym_cnt": 1, "sym_time": 161.382721, "time": 161.402031, "total_info": {"caller2cnt": {"ether_thief": 77, "get_transaction_sequence": 322, "integer": 239, "is_possible": 211, "mutation_pruner": 128, "state_cahnge_exernal_calls1": 77, "state_cahnge_exernal_calls2": 6, "state_cahnge_exernal_calls3": 5}, "caller2time": {"ether_thief": 7.935035000000001, "get_transaction_sequence": 25.291641999999992, "integer": 10.939048999999995, "is_possible": 18.968019999999996, "mutation_pruner": 9.208440999999997, "state_cahnge_exernal_calls1": 7.894138999999997, "state_cahnge_exernal_calls2": 0.07206100000000001, "state_cahnge_exernal_calls3": 0.49756999999999996}}, "total_states": 15674}