{"create_time": 4.892512, "error": null, "issues": [], "success": true, "sym_cnt": 1, "sym_time": 1985.39033, "time": 1985.452253, "total_info": {"caller2cnt": {"ether_thief": 952, "get_transaction_sequence": 6257, "integer": 3749, "is_possible": 3223, "mutation_pruner": 2600, "state_cahnge_exernal_calls1": 952, "state_cahnge_exernal_calls3": 759, "wanna_execute2": 121410, "wanna_execute3": 54537}, "caller2time": {"ether_thief": 54.96929099999991, "get_transaction_sequence": 119.94160400000003, "integer": 13.587934999999973, "is_possible": 32.25486699999997, "mutation_pruner": 92.068171, "state_cahnge_exernal_calls1": 8.578969000000003, "state_cahnge_exernal_calls3": 50.104222, "wanna_execute2": 13.297982000005215, "wanna_execute3": 5.841900999999583}}, "total_states": 423988}