{"create_time": 21.63193, "error": null, "issues": [], "success": true, "sym_cnt": 1, "sym_time": 53.832159, "time": 53.849791, "total_info": {"caller2cnt": {"get_transaction_sequence": 22, "integer": 44, "is_possible": 97, "mutation_pruner": 35}, "caller2time": {"get_transaction_sequence": 0.11196300000000001, "integer": 0.8820939999999999, "is_possible": 5.020630000000001, "mutation_pruner": 0.6585540000000002}}, "total_states": 4300}