{"create_time": 1.442445, "error": null, "issues": [], "success": true, "sym_cnt": 1, "sym_time": 46.198227, "time": 46.217856, "total_info": {"caller2cnt": {"ether_thief": 24, "get_transaction_sequence": 122, "integer": 38, "is_possible": 81, "mutation_pruner": 42, "state_cahnge_exernal_calls1": 24}, "caller2time": {"ether_thief": 1.72273, "get_transaction_sequence": 6.833492999999999, "integer": 1.7331899999999996, "is_possible": 3.3143469999999997, "mutation_pruner": 2.1322609999999997, "state_cahnge_exernal_calls1": 1.8574770000000003}}, "total_states": 5400}