{"create_time": 0.765142, "error": null, "issues": [], "success": true, "sym_cnt": 1, "sym_time": 22.1385, "time": 22.156545, "total_info": {"caller2cnt": {"get_transaction_sequence": 55, "integer": 57, "is_possible": 205, "mutation_pruner": 33, "wanna_execute2": 478, "wanna_execute3": 274}, "caller2time": {"get_transaction_sequence": 0.11976399999999997, "integer": 0.207036, "is_possible": 5.742276000000003, "mutation_pruner": 0.04816799999999999, "wanna_execute2": 0.054417999999999925, "wanna_execute3": 0.027930999999999997}}, "total_states": 3886}