{"create_time": 4.971076, "error": null, "issues": [], "success": true, "sym_cnt": 1, "sym_time": 330.535876, "time": 330.583529, "total_info": {"caller2cnt": {"ether_thief": 150, "get_transaction_sequence": 728, "integer": 655, "is_possible": 2705, "mutation_pruner": 372, "state_cahnge_exernal_calls1": 150, "state_cahnge_exernal_calls3": 134, "wanna_execute2": 8514, "wanna_execute3": 3989}, "caller2time": {"ether_thief": 5.465939000000001, "get_transaction_sequence": 6.590535000000001, "integer": 1.9992829999999986, "is_possible": 82.9755240000002, "mutation_pruner": 4.930341000000005, "state_cahnge_exernal_calls1": 1.2687130000000004, "state_cahnge_exernal_calls3": 4.729446, "wanna_execute2": 0.9259650000000356, "wanna_execute3": 0.413583999999999}}, "total_states": 63121}