{"create_time": 0.779009, "error": null, "issues": [], "success": true, "sym_cnt": 1, "sym_time": 23.27365, "time": 23.292486, "total_info": {"caller2cnt": {"get_transaction_sequence": 64, "integer": 63, "is_possible": 205, "mutation_pruner": 35, "wanna_execute2": 484, "wanna_execute3": 280}, "caller2time": {"get_transaction_sequence": 0.14713400000000001, "integer": 0.219045, "is_possible": 6.041441999999994, "mutation_pruner": 0.052062000000000004, "wanna_execute2": 0.055599999999999906, "wanna_execute3": 0.028536000000000013}}, "total_states": 3900}