{"create_time": 1.644887, "error": null, "issues": [], "success": true, "sym_cnt": 1, "sym_time": 31.043271, "time": 31.062586, "total_info": {"caller2cnt": {"get_transaction_sequence": 11, "integer": 34, "is_possible": 161, "mutation_pruner": 19, "wanna_execute2": 29}, "caller2time": {"get_transaction_sequence": 0.126547, "integer": 0.4987190000000001, "is_possible": 13.209406999999995, "mutation_pruner": 0.26388199999999995, "wanna_execute2": 0.07959299999999998}}, "total_states": 2655}