{"create_time": 0.486349, "error": null, "issues": [], "success": true, "sym_cnt": 1, "sym_time": 10.246325, "time": 10.264773, "total_info": {"caller2cnt": {"ether_thief": 6, "get_transaction_sequence": 28, "integer": 14, "is_possible": 127, "mutation_pruner": 29, "state_cahnge_exernal_calls1": 6, "state_cahnge_exernal_calls3": 6, "wanna_execute2": 10}, "caller2time": {"ether_thief": 0.15954000000000002, "get_transaction_sequence": 1.3287139999999997, "integer": 0.012818000000000001, "is_possible": 2.4789820000000007, "mutation_pruner": 0.38114600000000015, "state_cahnge_exernal_calls1": 0.08461300000000001, "state_cahnge_exernal_calls3": 0.073956, "wanna_execute2": 0.0020649999999999996}}, "total_states": 1249}