{"create_time": 5.207915, "error": null, "issues": [], "success": true, "sym_cnt": 1, "sym_time": 386.8026, "time": 386.872944, "total_info": {"caller2cnt": {"ether_thief": 165, "get_transaction_sequence": 1321, "integer": 748, "is_possible": 1026, "mutation_pruner": 495, "state_cahnge_exernal_calls1": 165, "state_cahnge_exernal_calls3": 147, "wanna_execute2": 7023, "wanna_execute3": 4342}, "caller2time": {"ether_thief": 35.0701, "get_transaction_sequence": 57.42263000000007, "integer": 2.195300999999998, "is_possible": 31.675628999999997, "mutation_pruner": 20.22949099999998, "state_cahnge_exernal_calls1": 0.8286329999999997, "state_cahnge_exernal_calls3": 8.793985000000003, "wanna_execute2": 0.7909900000000336, "wanna_execute3": 0.4655530000000115}}, "total_states": 64007}