{"create_time": 4.989922, "error": null, "issues": [], "success": true, "sym_cnt": 1, "sym_time": 402.914634, "time": 402.968181, "total_info": {"caller2cnt": {"ether_thief": 165, "get_transaction_sequence": 1351, "integer": 748, "is_possible": 874, "mutation_pruner": 495, "state_cahnge_exernal_calls1": 165, "state_cahnge_exernal_calls3": 147, "wanna_execute2": 7023, "wanna_execute3": 4342}, "caller2time": {"ether_thief": 46.98658700000002, "get_transaction_sequence": 70.44669599999996, "integer": 2.198921999999996, "is_possible": 21.617031000000022, "mutation_pruner": 20.474069999999994, "state_cahnge_exernal_calls1": 0.8179469999999999, "state_cahnge_exernal_calls3": 8.722983999999999, "wanna_execute2": 0.7928940000000323, "wanna_execute3": 0.4661870000000113}}, "total_states": 64007}