{"create_time": 1.13999, "error": null, "issues": [], "success": true, "sym_cnt": 1, "sym_time": 80.404438, "time": 80.42324, "total_info": {"caller2cnt": {"ether_thief": 51, "get_transaction_sequence": 149, "integer": 172, "is_possible": 134, "mutation_pruner": 119, "state_cahnge_exernal_calls1": 51, "state_cahnge_exernal_calls3": 51}, "caller2time": {"ether_thief": 0.09264000000000001, "get_transaction_sequence": 4.920707000000003, "integer": 2.9689329999999985, "is_possible": 4.795219999999999, "mutation_pruner": 1.0175139999999998, "state_cahnge_exernal_calls1": 2.8987569999999985, "state_cahnge_exernal_calls3": 2.7506269999999997}}, "total_states": 10721}