{"create_time": 0.608124, "error": null, "issues": [], "success": true, "sym_cnt": 1, "sym_time": 50.747692, "time": 50.766907, "total_info": {"caller2cnt": {"get_transaction_sequence": 49, "integer": 143, "is_possible": 45, "mutation_pruner": 91, "wanna_execute2": 96}, "caller2time": {"get_transaction_sequence": 0.49510099999999996, "integer": 9.193396, "is_possible": 0.251036, "mutation_pruner": 0.08447500000000001, "wanna_execute2": 0.012152999999999997}}, "total_states": 5157}