{"create_time": 5.0617, "error": null, "issues": [], "success": true, "sym_cnt": 1, "sym_time": 83.729892, "time": 83.749015, "total_info": {"caller2cnt": {"get_transaction_sequence": 102, "integer": 197, "is_possible": 231, "mutation_pruner": 211, "wanna_execute2": 413}, "caller2time": {"get_transaction_sequence": 1.2785270000000002, "integer": 0.5084789999999999, "is_possible": 2.246878, "mutation_pruner": 0.2555449999999999, "wanna_execute2": 0.05278300000000003}}, "total_states": 18410}