{"create_time": 0.757256, "error": null, "issues": [], "success": true, "sym_cnt": 1, "sym_time": 16.414037, "time": 16.43242, "total_info": {"caller2cnt": {"get_transaction_sequence": 64, "integer": 63, "is_possible": 37, "mutation_pruner": 35, "wanna_execute2": 484, "wanna_execute3": 280}, "caller2time": {"get_transaction_sequence": 0.14016499999999996, "integer": 0.19778799999999996, "is_possible": 0.34653399999999995, "mutation_pruner": 0.05009, "wanna_execute2": 0.054250999999999945, "wanna_execute3": 0.02821199999999995}}, "total_states": 3900}