{"create_time": 4.638443, "error": null, "issues": [], "success": true, "sym_cnt": 1, "sym_time": 166.747947, "time": 166.767453, "total_info": {"caller2cnt": {"ether_thief": 119, "get_transaction_sequence": 304, "integer": 369, "is_possible": 164, "mutation_pruner": 299, "state_cahnge_exernal_calls1": 119, "state_cahnge_exernal_calls3": 119}, "caller2time": {"ether_thief": 1.0441520000000004, "get_transaction_sequence": 7.577237000000001, "integer": 1.2673990000000006, "is_possible": 0.7850139999999999, "mutation_pruner": 0.456401, "state_cahnge_exernal_calls1": 1.395479999999999, "state_cahnge_exernal_calls3": 1.03953}}, "total_states": 30408}