{"create_time": 0.870061, "error": null, "issues": [], "success": true, "sym_cnt": 1, "sym_time": 32.389908, "time": 32.409158, "total_info": {"caller2cnt": {"get_transaction_sequence": 109, "integer": 120, "is_possible": 59, "mutation_pruner": 85, "wanna_execute2": 218, "wanna_execute3": 30}, "caller2time": {"get_transaction_sequence": 1.1958060000000006, "integer": 0.5650789999999998, "is_possible": 0.519107, "mutation_pruner": 0.5926640000000002, "wanna_execute2": 0.08019699999999996, "wanna_execute3": 0.0031780000000000003}}, "total_states": 5053}