{"create_time": 4.91564, "error": null, "issues": [], "success": true, "sym_cnt": 1, "sym_time": 761.149835, "time": 761.203782, "total_info": {"caller2cnt": {"ether_thief": 411, "get_transaction_sequence": 2321, "integer": 1675, "is_possible": 1844, "mutation_pruner": 1050, "state_cahnge_exernal_calls1": 411, "state_cahnge_exernal_calls3": 345, "wanna_execute2": 43523, "wanna_execute3": 19434}, "caller2time": {"ether_thief": 14.301570999999996, "get_transaction_sequence": 24.216523999999975, "integer": 5.5697969999999986, "is_possible": 30.820363999999973, "mutation_pruner": 17.897484000000016, "state_cahnge_exernal_calls1": 3.259819, "state_cahnge_exernal_calls3": 12.905270999999999, "wanna_execute2": 4.771891999999641, "wanna_execute3": 2.086222000000085}}, "total_states": 177470}