{"create_time": 1.316146, "error": null, "issues": [], "success": true, "sym_cnt": 1, "sym_time": 18.114295, "time": 18.133672, "total_info": {"caller2cnt": {"ether_thief": 18, "get_transaction_sequence": 43, "integer": 2, "is_possible": 62, "mutation_pruner": 32, "state_cahnge_exernal_calls1": 18, "state_cahnge_exernal_calls3": 12}, "caller2time": {"ether_thief": 0.276742, "get_transaction_sequence": 0.9701539999999998, "integer": 0.0009220000000000001, "is_possible": 0.9183990000000001, "mutation_pruner": 0.49229700000000004, "state_cahnge_exernal_calls1": 0.41271699999999995, "state_cahnge_exernal_calls3": 0.273641}}, "total_states": 2574}