{"create_time": 5.000514, "error": null, "issues": [], "success": true, "sym_cnt": 1, "sym_time": 551.651058, "time": 551.708647, "total_info": {"caller2cnt": {"ether_thief": 165, "get_transaction_sequence": 1379, "integer": 748, "is_possible": 2459, "mutation_pruner": 495, "state_cahnge_exernal_calls1": 165, "state_cahnge_exernal_calls3": 147, "wanna_execute2": 5348, "wanna_execute3": 3185}, "caller2time": {"ether_thief": 81.92003499999996, "get_transaction_sequence": 80.05422700000007, "integer": 2.1878949999999993, "is_possible": 133.25711999999996, "mutation_pruner": 21.546114999999997, "state_cahnge_exernal_calls1": 0.9289119999999998, "state_cahnge_exernal_calls3": 9.270321000000003, "wanna_execute2": 0.593173000000014, "wanna_execute3": 0.33054499999999415}}, "total_states": 62205}