{"create_time": 9.144748, "error": null, "issues": [], "success": true, "sym_cnt": 1, "sym_time": 111.03039, "time": 111.04814, "total_info": {"caller2cnt": {"get_transaction_sequence": 19, "integer": 142, "is_possible": 260, "mutation_pruner": 51, "wanna_execute2": 41}, "caller2time": {"get_transaction_sequence": 0.27457000000000004, "integer": 4.176010999999999, "is_possible": 42.37730999999998, "mutation_pruner": 1.2230400000000001, "wanna_execute2": 0.09421900000000001}}, "total_states": 9514}