{"create_time": 0.789067, "error": null, "issues": [], "success": true, "sym_cnt": 1, "sym_time": 17.213693, "time": 17.232932, "total_info": {"caller2cnt": {"get_transaction_sequence": 64, "integer": 63, "is_possible": 37, "mutation_pruner": 35, "wanna_execute2": 484, "wanna_execute3": 280}, "caller2time": {"get_transaction_sequence": 0.15071500000000002, "integer": 0.2115220000000001, "is_possible": 0.38608900000000007, "mutation_pruner": 0.05273200000000001, "wanna_execute2": 0.05556599999999999, "wanna_execute3": 0.028548000000000035}}, "total_states": 3900}