{"create_time": 0.768506, "error": null, "issues": [], "success": true, "sym_cnt": 1, "sym_time": 7.18467, "time": 7.203201, "total_info": {"caller2cnt": {"get_transaction_sequence": 28, "integer": 27, "is_possible": 33, "mutation_pruner": 15, "wanna_execute2": 40}, "caller2time": {"get_transaction_sequence": 0.049196000000000004, "integer": 0.05861399999999999, "is_possible": 0.22260400000000005, "mutation_pruner": 0.017494, "wanna_execute2": 0.005890000000000001}}, "total_states": 1684}