{"create_time": 9.086459, "error": null, "issues": [], "success": true, "sym_cnt": 1, "sym_time": 147.894889, "time": 147.913866, "total_info": {"caller2cnt": {"get_transaction_sequence": 24, "integer": 158, "is_possible": 254, "mutation_pruner": 51, "wanna_execute2": 8}, "caller2time": {"get_transaction_sequence": 0.44907300000000006, "integer": 6.9222459999999995, "is_possible": 77.56819099999998, "mutation_pruner": 1.3624150000000004, "wanna_execute2": 0.051707}}, "total_states": 9728}