{"create_time": 4.925589, "error": null, "issues": [], "success": true, "sym_cnt": 1, "sym_time": 431.168834, "time": 431.223403, "total_info": {"caller2cnt": {"ether_thief": 165, "get_transaction_sequence": 1379, "integer": 748, "is_possible": 503, "mutation_pruner": 495, "state_cahnge_exernal_calls1": 165, "state_cahnge_exernal_calls3": 147, "wanna_execute2": 7023, "wanna_execute3": 4342}, "caller2time": {"ether_thief": 82.22254000000002, "get_transaction_sequence": 76.8460859999999, "integer": 2.209081999999997, "is_possible": 4.284780999999998, "mutation_pruner": 20.686450999999995, "state_cahnge_exernal_calls1": 0.865886, "state_cahnge_exernal_calls3": 8.745979, "wanna_execute2": 0.7920260000000396, "wanna_execute3": 0.4682490000000143}}, "total_states": 64007}