{"create_time": 3.272942, "error": null, "issues": [], "success": true, "sym_cnt": 1, "sym_time": 51.049095, "time": 51.068347, "total_info": {"caller2cnt": {"get_transaction_sequence": 13, "integer": 36, "is_possible": 82, "mutation_pruner": 13, "wanna_execute2": 4}, "caller2time": {"get_transaction_sequence": 0.41646299999999997, "integer": 5.823823999999999, "is_possible": 20.451456999999998, "mutation_pruner": 0.40296199999999993, "wanna_execute2": 0.062446}}, "total_states": 3290}