{"create_time": 4.933358, "error": null, "issues": [], "success": true, "sym_cnt": 1, "sym_time": 502.126524, "time": 502.184556, "total_info": {"caller2cnt": {"ether_thief": 165, "get_transaction_sequence": 1355, "integer": 748, "is_possible": 2459, "mutation_pruner": 495, "state_cahnge_exernal_calls1": 165, "state_cahnge_exernal_calls3": 147, "wanna_execute2": 5348, "wanna_execute3": 3185}, "caller2time": {"ether_thief": 46.87370499999998, "get_transaction_sequence": 68.87143199999997, "integer": 2.196973, "is_possible": 129.35470099999998, "mutation_pruner": 22.77855699999997, "state_cahnge_exernal_calls1": 0.8829119999999998, "state_cahnge_exernal_calls3": 8.576353000000001, "wanna_execute2": 0.5996310000000155, "wanna_execute3": 0.3355229999999964}}, "total_states": 62205}