{"create_time": 0.766594, "error": null, "issues": [], "success": true, "sym_cnt": 1, "sym_time": 8.540339, "time": 8.558499, "total_info": {"caller2cnt": {"get_transaction_sequence": 28, "integer": 27, "is_possible": 89, "mutation_pruner": 15, "wanna_execute2": 40}, "caller2time": {"get_transaction_sequence": 0.05024300000000001, "integer": 0.059171999999999995, "is_possible": 1.486475, "mutation_pruner": 0.017960999999999998, "wanna_execute2": 0.0056539999999999984}}, "total_states": 1684}