{"create_time": 5.259512, "error": null, "issues": [], "success": true, "sym_cnt": 1, "sym_time": 615.584332, "time": 615.605993, "total_info": {"caller2cnt": {"ether_thief": 165, "get_transaction_sequence": 1379, "integer": 748, "is_possible": 784, "mutation_pruner": 495, "state_cahnge_exernal_calls1": 165, "state_cahnge_exernal_calls3": 147, "wanna_execute2": 7023, "wanna_execute3": 4342}, "caller2time": {"ether_thief": 176.90760999999995, "get_transaction_sequence": 103.02453200000001, "integer": 2.3041020000000016, "is_possible": 30.23133400000002, "mutation_pruner": 38.49437800000002, "state_cahnge_exernal_calls1": 10.966056, "state_cahnge_exernal_calls3": 14.46551, "wanna_execute2": 0.8107460000000323, "wanna_execute3": 0.4735240000000164}}, "total_states": 64007}