{"create_time": 3.377477, "error": null, "issues": [], "success": true, "sym_cnt": 1, "sym_time": 83.576808, "time": 83.59787, "total_info": {"caller2cnt": {"get_transaction_sequence": 20, "integer": 51, "is_possible": 85, "mutation_pruner": 18, "wanna_execute2": 7}, "caller2time": {"get_transaction_sequence": 0.7313149999999999, "integer": 9.513892000000002, "is_possible": 44.107732000000006, "mutation_pruner": 0.7211769999999998, "wanna_execute2": 0.115122}}, "total_states": 4164}