{"create_time": 9.300839, "error": null, "issues": [], "success": true, "sym_cnt": 1, "sym_time": 436.634454, "time": 436.655331, "total_info": {"caller2cnt": {"get_transaction_sequence": 41, "integer": 342, "is_possible": 453, "mutation_pruner": 120, "wanna_execute2": 163, "wanna_execute3": 12}, "caller2time": {"get_transaction_sequence": 1.812797, "integer": 35.13813099999999, "is_possible": 241.20715000000013, "mutation_pruner": 6.719637999999998, "wanna_execute2": 0.26081199999999977, "wanna_execute3": 0.001457}}, "total_states": 21569}