{"create_time": 0.77496, "error": null, "issues": [], "success": true, "sym_cnt": 1, "sym_time": 17.259529, "time": 17.27791, "total_info": {"caller2cnt": {"get_transaction_sequence": 64, "integer": 63, "is_possible": 37, "mutation_pruner": 35, "wanna_execute2": 484, "wanna_execute3": 280}, "caller2time": {"get_transaction_sequence": 0.15045100000000003, "integer": 0.20999700000000004, "is_possible": 0.371655, "mutation_pruner": 0.052723000000000006, "wanna_execute2": 0.05592799999999993, "wanna_execute3": 0.028674000000000033}}, "total_states": 3900}