{"create_time": 0.8033, "error": null, "issues": [], "success": true, "sym_cnt": 1, "sym_time": 11.312487, "time": 11.334085, "total_info": {"caller2cnt": {"get_transaction_sequence": 28, "integer": 27, "is_possible": 89, "mutation_pruner": 15, "wanna_execute2": 40}, "caller2time": {"get_transaction_sequence": 0.05333200000000001, "integer": 0.16712899999999994, "is_possible": 4.310623, "mutation_pruner": 0.020796999999999996, "wanna_execute2": 0.006090000000000001}}, "total_states": 1684}