{"create_time": 9.502712, "error": null, "issues": [], "success": true, "sym_cnt": 1, "sym_time": 476.208018, "time": 476.234663, "total_info": {"caller2cnt": {"get_transaction_sequence": 23, "integer": 154, "is_possible": 505, "mutation_pruner": 49, "wanna_execute2": 8}, "caller2time": {"get_transaction_sequence": 0.50141, "integer": 15.641040999999992, "is_possible": 397.66799900000024, "mutation_pruner": 1.6352209999999998, "wanna_execute2": 0.062409000000000006}}, "total_states": 9761}