{"create_time": 5.190349, "error": null, "issues": [], "success": true, "sym_cnt": 1, "sym_time": 885.66166, "time": 885.683904, "total_info": {"caller2cnt": {"ether_thief": 165, "get_transaction_sequence": 1379, "integer": 748, "is_possible": 2459, "mutation_pruner": 495, "state_cahnge_exernal_calls1": 165, "state_cahnge_exernal_calls3": 147, "wanna_execute2": 5348, "wanna_execute3": 3185}, "caller2time": {"ether_thief": 230.70167400000005, "get_transaction_sequence": 112.02035300000023, "integer": 2.359639999999998, "is_possible": 240.98960699999986, "mutation_pruner": 40.13857199999998, "state_cahnge_exernal_calls1": 11.549069000000001, "state_cahnge_exernal_calls3": 15.120239999999995, "wanna_execute2": 0.6131750000000201, "wanna_execute3": 0.34194699999999956}}, "total_states": 62205}