{"create_time": 0.794361, "error": null, "issues": [], "success": true, "sym_cnt": 1, "sym_time": 19.48219, "time": 19.501356, "total_info": {"caller2cnt": {"get_transaction_sequence": 15, "integer": 20, "is_possible": 54, "mutation_pruner": 11, "wanna_execute2": 18}, "caller2time": {"get_transaction_sequence": 0.13733599999999999, "integer": 2.6830860000000003, "is_possible": 6.195802000000001, "mutation_pruner": 0.106487, "wanna_execute2": 0.07978900000000001}}, "total_states": 1360}