{"create_time": 9.209294, "error": null, "issues": [], "success": true, "sym_cnt": 1, "sym_time": 518.793701, "time": 518.811908, "total_info": {"caller2cnt": {"get_transaction_sequence": 31, "integer": 251, "is_possible": 926, "mutation_pruner": 89, "wanna_execute2": 143, "wanna_execute3": 12}, "caller2time": {"get_transaction_sequence": 0.853459, "integer": 17.04353700000001, "is_possible": 384.820195, "mutation_pruner": 3.429757000000001, "wanna_execute2": 0.30658399999999986, "wanna_execute3": 0.0013889999999999998}}, "total_states": 16118}