{"create_time": 0.788995, "error": null, "issues": [], "success": true, "sym_cnt": 1, "sym_time": 61.673806, "time": 61.693265, "total_info": {"caller2cnt": {"get_transaction_sequence": 136, "integer": 135, "is_possible": 437, "mutation_pruner": 75, "wanna_execute2": 1780, "wanna_execute3": 1260}, "caller2time": {"get_transaction_sequence": 0.39384300000000005, "integer": 0.6887720000000002, "is_possible": 20.894422000000016, "mutation_pruner": 0.13695700000000002, "wanna_execute2": 0.19993499999999775, "wanna_execute3": 0.1289800000000018}}, "total_states": 8332}