{"create_time": 1.590985, "error": null, "issues": [], "success": true, "sym_cnt": 1, "sym_time": 206.658161, "time": 206.676782, "total_info": {"caller2cnt": {"get_transaction_sequence": 37, "integer": 109, "is_possible": 451, "mutation_pruner": 60, "wanna_execute2": 162}, "caller2time": {"get_transaction_sequence": 1.493325, "integer": 5.438521000000001, "is_possible": 142.30938400000002, "mutation_pruner": 2.4493270000000003, "wanna_execute2": 0.38452100000000006}}, "total_states": 7896}