{"create_time": 9.501549, "error": null, "issues": [], "success": true, "sym_cnt": 1, "sym_time": 1014.018147, "time": 1014.040224, "total_info": {"caller2cnt": {"get_transaction_sequence": 27, "integer": 178, "is_possible": 607, "mutation_pruner": 57, "wanna_execute2": 20}, "caller2time": {"get_transaction_sequence": 1.6626040000000002, "integer": 31.605489000000002, "is_possible": 906.6352079999997, "mutation_pruner": 2.293129, "wanna_execute2": 0.45578300000000005}}, "total_states": 11090}