{"create_time": 5.168689, "error": null, "issues": [], "success": true, "sym_cnt": 1, "sym_time": 910.375234, "time": 910.397075, "total_info": {"caller2cnt": {"ether_thief": 165, "get_transaction_sequence": 1379, "integer": 748, "is_possible": 2459, "mutation_pruner": 495, "state_cahnge_exernal_calls1": 165, "state_cahnge_exernal_calls3": 147, "wanna_execute2": 5348, "wanna_execute3": 3185}, "caller2time": {"ether_thief": 268.83792700000004, "get_transaction_sequence": 109.34431899999998, "integer": 2.318316000000001, "is_possible": 236.7651780000003, "mutation_pruner": 37.091283000000004, "state_cahnge_exernal_calls1": 11.693674999999999, "state_cahnge_exernal_calls3": 14.475933999999999, "wanna_execute2": 0.6015950000000175, "wanna_execute3": 0.33513599999999794}}, "total_states": 62205}