{"create_time": 0.77726, "error": null, "issues": [], "success": true, "sym_cnt": 1, "sym_time": 16.757355, "time": 16.776432, "total_info": {"caller2cnt": {"get_transaction_sequence": 64, "integer": 63, "is_possible": 37, "mutation_pruner": 35, "wanna_execute2": 484, "wanna_execute3": 280}, "caller2time": {"get_transaction_sequence": 0.14560199999999998, "integer": 0.20743799999999998, "is_possible": 0.364078, "mutation_pruner": 0.051889000000000005, "wanna_execute2": 0.055983999999999985, "wanna_execute3": 0.028799000000000026}}, "total_states": 3900}