{"create_time": 9.198207, "error": null, "issues": [], "success": true, "sym_cnt": 1, "sym_time": 286.834921, "time": 286.852982, "total_info": {"caller2cnt": {"get_transaction_sequence": 34, "integer": 292, "is_possible": 404, "mutation_pruner": 100, "wanna_execute2": 137, "wanna_execute3": 12}, "caller2time": {"get_transaction_sequence": 1.0998990000000002, "integer": 26.62096100000002, "is_possible": 140.01929799999996, "mutation_pruner": 4.382196, "wanna_execute2": 0.22418799999999994, "wanna_execute3": 0.0013349999999999998}}, "total_states": 17490}