{"create_time": 0.820206, "error": null, "issues": [], "success": true, "sym_cnt": 1, "sym_time": 9.82323, "time": 9.8425, "total_info": {"caller2cnt": {"get_transaction_sequence": 13, "integer": 15, "is_possible": 15, "mutation_pruner": 9, "wanna_execute2": 10}, "caller2time": {"get_transaction_sequence": 0.10305500000000001, "integer": 1.497789, "is_possible": 0.25548200000000004, "mutation_pruner": 0.07378599999999999, "wanna_execute2": 0.04277199999999999}}, "total_states": 1062}