{"create_time": 0.77027, "error": null, "issues": [], "success": true, "sym_cnt": 1, "sym_time": 22.829251, "time": 22.848448, "total_info": {"caller2cnt": {"get_transaction_sequence": 64, "integer": 63, "is_possible": 205, "mutation_pruner": 35, "wanna_execute2": 484, "wanna_execute3": 280}, "caller2time": {"get_transaction_sequence": 0.14716399999999996, "integer": 0.217608, "is_possible": 5.901276, "mutation_pruner": 0.05201999999999998, "wanna_execute2": 0.055016999999999934, "wanna_execute3": 0.028313999999999985}}, "total_states": 3900}