{"create_time": 1.594473, "error": null, "issues": [], "success": true, "sym_cnt": 1, "sym_time": 50.297271, "time": 50.316062, "total_info": {"caller2cnt": {"get_transaction_sequence": 21, "integer": 57, "is_possible": 219, "mutation_pruner": 30, "wanna_execute2": 48}, "caller2time": {"get_transaction_sequence": 0.47314, "integer": 1.3557689999999998, "is_possible": 24.998240000000006, "mutation_pruner": 0.6396179999999999, "wanna_execute2": 0.09227199999999998}}, "total_states": 3978}