{"create_time": 9.058771, "error": null, "issues": [], "success": true, "sym_cnt": 1, "sym_time": 223.392024, "time": 223.410745, "total_info": {"caller2cnt": {"get_transaction_sequence": 22, "integer": 166, "is_possible": 588, "mutation_pruner": 54, "wanna_execute2": 68, "wanna_execute3": 2}, "caller2time": {"get_transaction_sequence": 0.40269, "integer": 6.4215139999999975, "is_possible": 142.07943300000005, "mutation_pruner": 1.3214370000000002, "wanna_execute2": 0.127758, "wanna_execute3": 0.00021700000000000002}}, "total_states": 10527}