{"create_time": 4.949817, "error": null, "issues": [], "success": true, "sym_cnt": 1, "sym_time": 434.852116, "time": 434.915928, "total_info": {"caller2cnt": {"ether_thief": 165, "get_transaction_sequence": 1379, "integer": 748, "is_possible": 503, "mutation_pruner": 495, "state_cahnge_exernal_calls1": 165, "state_cahnge_exernal_calls3": 147, "wanna_execute2": 7023, "wanna_execute3": 4342}, "caller2time": {"ether_thief": 82.83711799999999, "get_transaction_sequence": 78.3602070000001, "integer": 2.2266330000000005, "is_possible": 4.598828000000002, "mutation_pruner": 21.08945599999998, "state_cahnge_exernal_calls1": 0.8527940000000004, "state_cahnge_exernal_calls3": 8.964274999999999, "wanna_execute2": 0.7984900000000367, "wanna_execute3": 0.47088500000001565}}, "total_states": 64007}