{"create_time": 3.265523, "error": null, "issues": [], "success": true, "sym_cnt": 1, "sym_time": 44.701854, "time": 44.722315, "total_info": {"caller2cnt": {"get_transaction_sequence": 13, "integer": 36, "is_possible": 59, "mutation_pruner": 13, "wanna_execute2": 6}, "caller2time": {"get_transaction_sequence": 0.430608, "integer": 5.163607000000002, "is_possible": 14.086238999999997, "mutation_pruner": 0.41589400000000004, "wanna_execute2": 0.07933899999999999}}, "total_states": 3379}