{"create_time": 4.809414, "error": null, "issues": [], "success": true, "sym_cnt": 1, "sym_time": 57.910296, "time": 57.927803, "total_info": {"caller2cnt": {"ether_thief": 73, "get_transaction_sequence": 253, "integer": 99, "is_possible": 386, "mutation_pruner": 151, "state_cahnge_exernal_calls1": 73, "state_cahnge_exernal_calls3": 73}, "caller2time": {"ether_thief": 0.09171499999999999, "get_transaction_sequence": 5.576131999999997, "integer": 0.49890600000000007, "is_possible": 4.189712000000001, "mutation_pruner": 0.16493299999999997, "state_cahnge_exernal_calls1": 0.086675, "state_cahnge_exernal_calls3": 0.07889800000000002}}, "total_states": 12714}