{"create_time": 0.862358, "error": null, "issues": [], "success": true, "sym_cnt": 1, "sym_time": 17.243437, "time": 17.261319, "total_info": {"caller2cnt": {"get_transaction_sequence": 58, "integer": 64, "is_possible": 72, "mutation_pruner": 51, "wanna_execute2": 137, "wanna_execute3": 28}, "caller2time": {"get_transaction_sequence": 0.522206, "integer": 0.250095, "is_possible": 0.7355180000000001, "mutation_pruner": 0.34318600000000005, "wanna_execute2": 0.06043900000000002, "wanna_execute3": 0.0029499999999999995}}, "total_states": 2783}