{"create_time": 4.714945, "error": null, "issues": [], "success": true, "sym_cnt": 1, "sym_time": 119.738536, "time": 119.75574, "total_info": {"caller2cnt": {"ether_thief": 95, "get_transaction_sequence": 240, "integer": 281, "is_possible": 514, "mutation_pruner": 232, "state_cahnge_exernal_calls1": 95, "state_cahnge_exernal_calls3": 95}, "caller2time": {"ether_thief": 0.3300539999999999, "get_transaction_sequence": 4.982689999999996, "integer": 0.8105919999999998, "is_possible": 6.549371000000005, "mutation_pruner": 0.3197449999999999, "state_cahnge_exernal_calls1": 1.024605, "state_cahnge_exernal_calls3": 0.735708}}, "total_states": 23385}