{"create_time": 0.603738, "error": null, "issues": [], "success": true, "sym_cnt": 1, "sym_time": 46.832393, "time": 46.851155, "total_info": {"caller2cnt": {"get_transaction_sequence": 44, "integer": 132, "is_possible": 146, "mutation_pruner": 86, "wanna_execute2": 88}, "caller2time": {"get_transaction_sequence": 0.3363569999999998, "integer": 8.149071000000001, "is_possible": 1.8963280000000005, "mutation_pruner": 0.078226, "wanna_execute2": 0.011276999999999999}}, "total_states": 4875}