{"create_time": 11.134113, "error": null, "issues": [], "success": true, "sym_cnt": 0, "sym_time": 0, "time": 381.499459, "total_info": {"caller2cnt": {"ether_thief": 47, "get_transaction_sequence": 391, "integer": 781, "is_possible": 1150, "mutation_pruner": 734, "state_cahnge_exernal_calls1": 47, "state_cahnge_exernal_calls2": 42, "state_cahnge_exernal_calls3": 47}, "caller2time": {"ether_thief": 0.120142, "get_transaction_sequence": 6.616908000000001, "integer": 22.231458000000007, "is_possible": 24.247083999999955, "mutation_pruner": 1.5112470000000007, "state_cahnge_exernal_calls1": 0.8729460000000002, "state_cahnge_exernal_calls2": 0.31264700000000006, "state_cahnge_exernal_calls3": 0.45424900000000007}}, "total_states": 0}