{"create_time": 0.769949, "error": null, "issues": [], "success": true, "sym_cnt": 1, "sym_time": 15.664066, "time": 15.682479, "total_info": {"caller2cnt": {"get_transaction_sequence": 64, "integer": 63, "is_possible": 37, "mutation_pruner": 35, "wanna_execute2": 484, "wanna_execute3": 280}, "caller2time": {"get_transaction_sequence": 0.135524, "integer": 0.190523, "is_possible": 0.33338700000000004, "mutation_pruner": 0.04805399999999999, "wanna_execute2": 0.053847999999999965, "wanna_execute3": 0.028103999999999924}}, "total_states": 3900}