{"create_time": 3.756334, "error": null, "issues": [], "success": true, "sym_cnt": 1, "sym_time": 15.242846, "time": 15.260304, "total_info": {"caller2cnt": {"get_transaction_sequence": 12, "integer": 24, "is_possible": 86, "mutation_pruner": 26, "wanna_execute2": 12}, "caller2time": {"get_transaction_sequence": 0.23046499999999998, "integer": 0.06680100000000001, "is_possible": 1.3730400000000003, "mutation_pruner": 0.024478, "wanna_execute2": 0.0022830000000000003}}, "total_states": 1967}