{"create_time": 98.257377, "error": null, "issues": [], "success": true, "sym_cnt": 1, "sym_time": 125.706344, "time": 125.723374, "total_info": {"caller2cnt": {"ether_thief": 2, "get_transaction_sequence": 51, "integer": 223, "is_possible": 201, "mutation_pruner": 18, "state_cahnge_exernal_calls1": 2, "state_cahnge_exernal_calls2": 2}, "caller2time": {"ether_thief": 0.008594000000000001, "get_transaction_sequence": 0.484628, "integer": 0.7490040000000001, "is_possible": 3.936744000000002, "mutation_pruner": 0.07579000000000001, "state_cahnge_exernal_calls1": 0.038679000000000005, "state_cahnge_exernal_calls2": 0.038612}}, "total_states": 5005}