{"create_time": 4.991349, "error": null, "issues": [], "success": true, "sym_cnt": 1, "sym_time": 79.273959, "time": 79.293034, "total_info": {"caller2cnt": {"get_transaction_sequence": 92, "integer": 178, "is_possible": 428, "mutation_pruner": 191, "wanna_execute2": 323}, "caller2time": {"get_transaction_sequence": 1.048233, "integer": 0.44045399999999996, "is_possible": 4.6163750000000014, "mutation_pruner": 0.21964500000000003, "wanna_execute2": 0.04259099999999995}}, "total_states": 16456}