{"create_time": 0.468836, "error": null, "issues": [], "success": true, "sym_cnt": 1, "sym_time": 3.885657, "time": 3.903305, "total_info": {"caller2cnt": {"ether_thief": 3, "get_transaction_sequence": 11, "integer": 10, "is_possible": 43, "mutation_pruner": 22, "state_cahnge_exernal_calls1": 3, "state_cahnge_exernal_calls3": 3, "wanna_execute2": 5}, "caller2time": {"ether_thief": 0.0033429999999999996, "get_transaction_sequence": 0.10843499999999999, "integer": 0.008268999999999999, "is_possible": 0.349422, "mutation_pruner": 0.190931, "state_cahnge_exernal_calls1": 0.0029700000000000004, "state_cahnge_exernal_calls3": 0.002751, "wanna_execute2": 0.0011920000000000001}}, "total_states": 766}