{"create_time": 0.312505, "error": null, "issues": [], "success": true, "sym_cnt": 1, "sym_time": 3.391582, "time": 3.410505, "total_info": {"caller2cnt": {"get_transaction_sequence": 6, "integer": 6, "is_possible": 33, "mutation_pruner": 6, "wanna_execute2": 13}, "caller2time": {"get_transaction_sequence": 0.037838000000000004, "integer": 0.07623, "is_possible": 0.24909699999999999, "mutation_pruner": 0.0044599999999999996, "wanna_execute2": 0.0027289999999999997}}, "total_states": 404}