{"create_time": 0.988041, "error": null, "issues": [], "success": true, "sym_cnt": 1, "sym_time": 14.106301, "time": 14.123974, "total_info": {"caller2cnt": {"ether_thief": 18, "get_transaction_sequence": 42, "integer": 15, "is_possible": 138, "mutation_pruner": 16, "state_cahnge_exernal_calls1": 18, "state_cahnge_exernal_calls2": 9, "state_cahnge_exernal_calls3": 4}, "caller2time": {"ether_thief": 0.019937999999999997, "get_transaction_sequence": 1.1691669999999998, "integer": 0.039036, "is_possible": 1.3889330000000004, "mutation_pruner": 0.014146999999999998, "state_cahnge_exernal_calls1": 0.28514900000000004, "state_cahnge_exernal_calls2": 0.144506, "state_cahnge_exernal_calls3": 0.0032949999999999998}}, "total_states": 2108}