{"create_time": 11.071238, "error": null, "issues": [], "success": true, "sym_cnt": 1, "sym_time": 514.185809, "time": 514.20365, "total_info": {"caller2cnt": {"ether_thief": 48, "get_transaction_sequence": 338, "integer": 702, "is_possible": 3319, "mutation_pruner": 712, "state_cahnge_exernal_calls1": 48, "state_cahnge_exernal_calls2": 44, "state_cahnge_exernal_calls3": 48}, "caller2time": {"ether_thief": 0.14759500000000003, "get_transaction_sequence": 6.773194999999994, "integer": 25.518773000000007, "is_possible": 90.57682099999994, "mutation_pruner": 1.3138280000000009, "state_cahnge_exernal_calls1": 1.2322520000000001, "state_cahnge_exernal_calls2": 0.47672, "state_cahnge_exernal_calls3": 0.6569330000000001}}, "total_states": 51265}