{"create_time": 5.030344, "error": null, "issues": [], "success": true, "sym_cnt": 1, "sym_time": 12.810165, "time": 12.860821, "total_info": {"caller2cnt": {"get_transaction_sequence": 13, "integer": 26, "is_possible": 109, "mutation_pruner": 13}, "caller2time": {"get_transaction_sequence": 0.12114500000000002, "integer": 0.07584199999999999, "is_possible": 1.6267029999999996, "mutation_pruner": 0.11380599999999999}}, "total_states": 1539}