{"create_time": 4.959525, "error": null, "issues": [], "success": true, "sym_cnt": 1, "sym_time": 65.233208, "time": 65.287224, "total_info": {"caller2cnt": {"ether_thief": 40, "get_transaction_sequence": 210, "integer": 196, "is_possible": 711, "mutation_pruner": 104, "state_cahnge_exernal_calls1": 40, "state_cahnge_exernal_calls3": 40, "wanna_execute2": 664, "wanna_execute3": 440}, "caller2time": {"ether_thief": 0.7458100000000001, "get_transaction_sequence": 1.245805000000001, "integer": 0.4533720000000001, "is_possible": 12.255716999999995, "mutation_pruner": 0.7993799999999999, "state_cahnge_exernal_calls1": 0.23226000000000008, "state_cahnge_exernal_calls3": 0.7838070000000001, "wanna_execute2": 0.08347300000000023, "wanna_execute3": 0.04625999999999995}}, "total_states": 14482}