{"create_time": 0.901694, "error": null, "issues": [], "success": true, "sym_cnt": 1, "sym_time": 9.755977, "time": 9.772987, "total_info": {"caller2cnt": {"ether_thief": 3, "get_transaction_sequence": 46, "integer": 23, "is_possible": 131, "mutation_pruner": 16, "state_cahnge_exernal_calls1": 3, "state_cahnge_exernal_calls3": 3, "wanna_execute2": 2}, "caller2time": {"ether_thief": 0.0037680000000000005, "get_transaction_sequence": 0.280108, "integer": 0.024723, "is_possible": 1.1816849999999994, "mutation_pruner": 0.017818999999999998, "state_cahnge_exernal_calls1": 0.0033429999999999996, "state_cahnge_exernal_calls3": 0.003089, "wanna_execute2": 0.0009710000000000001}}, "total_states": 2535}