{"create_time": 4.668412, "error": null, "issues": [], "success": true, "sym_cnt": 1, "sym_time": 160.766223, "time": 160.785509, "total_info": {"caller2cnt": {"ether_thief": 101, "get_transaction_sequence": 257, "integer": 301, "is_possible": 1176, "mutation_pruner": 246, "state_cahnge_exernal_calls1": 101, "state_cahnge_exernal_calls3": 101}, "caller2time": {"ether_thief": 0.40396900000000013, "get_transaction_sequence": 6.229408, "integer": 0.9692100000000006, "is_possible": 20.498659999999983, "mutation_pruner": 0.3718889999999999, "state_cahnge_exernal_calls1": 1.0558329999999998, "state_cahnge_exernal_calls3": 0.7956779999999999}}, "total_states": 25739}