{"create_time": 0.595911, "error": null, "issues": [], "success": true, "sym_cnt": 1, "sym_time": 45.321713, "time": 45.340173, "total_info": {"caller2cnt": {"get_transaction_sequence": 40, "integer": 114, "is_possible": 345, "mutation_pruner": 76, "wanna_execute2": 77}, "caller2time": {"get_transaction_sequence": 0.38795599999999997, "integer": 6.270691000000002, "is_possible": 4.822034999999999, "mutation_pruner": 0.069845, "wanna_execute2": 0.009819999999999997}}, "total_states": 4292}