{"create_time": 4.990107, "error": null, "issues": [], "success": true, "sym_cnt": 1, "sym_time": 75.793251, "time": 75.810866, "total_info": {"caller2cnt": {"get_transaction_sequence": 70, "integer": 110, "is_possible": 1039, "mutation_pruner": 150, "wanna_execute2": 287}, "caller2time": {"get_transaction_sequence": 0.8467869999999998, "integer": 0.238799, "is_possible": 12.932641999999994, "mutation_pruner": 0.16735099999999992, "wanna_execute2": 0.03774600000000001}}, "total_states": 13530}