{"create_time": 0.759613, "error": null, "issues": [], "success": true, "sym_cnt": 1, "sym_time": 8.38196, "time": 8.400173, "total_info": {"caller2cnt": {"get_transaction_sequence": 28, "integer": 27, "is_possible": 101, "mutation_pruner": 15, "wanna_execute2": 56}, "caller2time": {"get_transaction_sequence": 0.046618, "integer": 0.057226000000000006, "is_possible": 1.6405699999999996, "mutation_pruner": 0.017024000000000004, "wanna_execute2": 0.007667000000000002}}, "total_states": 1618}