{"create_time": 0.948134, "error": null, "issues": [], "success": true, "sym_cnt": 1, "sym_time": 58.874352, "time": 58.893888, "total_info": {"caller2cnt": {"get_transaction_sequence": 136, "integer": 135, "is_possible": 437, "mutation_pruner": 75, "wanna_execute2": 1780, "wanna_execute3": 1260}, "caller2time": {"get_transaction_sequence": 0.3841270000000001, "integer": 0.6729510000000001, "is_possible": 20.254514000000004, "mutation_pruner": 0.132838, "wanna_execute2": 0.1945199999999966, "wanna_execute3": 0.12574400000000135}}, "total_states": 8332}