{"create_time": 0.476183, "error": null, "issues": [], "success": true, "sym_cnt": 1, "sym_time": 55.270858, "time": 55.290353, "total_info": {"caller2cnt": {"ether_thief": 24, "get_transaction_sequence": 103, "integer": 46, "is_possible": 443, "mutation_pruner": 102, "state_cahnge_exernal_calls1": 24, "state_cahnge_exernal_calls3": 24, "wanna_execute2": 10}, "caller2time": {"ether_thief": 1.4294629999999997, "get_transaction_sequence": 9.261364000000004, "integer": 0.048402, "is_possible": 18.207657000000008, "mutation_pruner": 3.176915000000001, "state_cahnge_exernal_calls1": 0.9240690000000001, "state_cahnge_exernal_calls3": 1.051783, "wanna_execute2": 0.0018939999999999999}}, "total_states": 4379}