{"create_time": 0.494964, "error": null, "issues": [], "success": true, "sym_cnt": 1, "sym_time": 38.882142, "time": 38.900984, "total_info": {"caller2cnt": {"ether_thief": 19, "get_transaction_sequence": 80, "integer": 40, "is_possible": 346, "mutation_pruner": 84, "state_cahnge_exernal_calls1": 19, "state_cahnge_exernal_calls3": 19, "wanna_execute2": 10}, "caller2time": {"ether_thief": 1.051118, "get_transaction_sequence": 5.809333000000003, "integer": 0.04253100000000001, "is_possible": 12.163116000000002, "mutation_pruner": 1.994727, "state_cahnge_exernal_calls1": 0.4609060000000001, "state_cahnge_exernal_calls3": 0.6122730000000001, "wanna_execute2": 0.0018650000000000001}}, "total_states": 3475}