{"create_time": 9.513815, "error": null, "issues": [], "success": true, "sym_cnt": 1, "sym_time": 478.980758, "time": 479.000487, "total_info": {"caller2cnt": {"get_transaction_sequence": 32, "integer": 257, "is_possible": 430, "mutation_pruner": 87, "wanna_execute2": 105, "wanna_execute3": 12}, "caller2time": {"get_transaction_sequence": 1.119434, "integer": 39.34897799999996, "is_possible": 334.03198299999985, "mutation_pruner": 4.261197, "wanna_execute2": 0.19142599999999999, "wanna_execute3": 0.001468}}, "total_states": 16396}