{"create_time": 0.48437, "error": null, "issues": [], "success": true, "sym_cnt": 1, "sym_time": 29.319452, "time": 29.339813, "total_info": {"caller2cnt": {"ether_thief": 6, "get_transaction_sequence": 29, "integer": 18, "is_possible": 156, "mutation_pruner": 33, "state_cahnge_exernal_calls1": 6, "state_cahnge_exernal_calls3": 6, "wanna_execute2": 12}, "caller2time": {"ether_thief": 1.754123, "get_transaction_sequence": 4.0187289999999996, "integer": 0.016243999999999998, "is_possible": 14.043873000000001, "mutation_pruner": 1.6063770000000002, "state_cahnge_exernal_calls1": 0.38374600000000003, "state_cahnge_exernal_calls3": 0.6458280000000001, "wanna_execute2": 0.0021789999999999995}}, "total_states": 1509}