{"create_time": 9.438813, "error": null, "issues": [], "success": true, "sym_cnt": 1, "sym_time": 110.374131, "time": 110.394188, "total_info": {"caller2cnt": {"get_transaction_sequence": 17, "integer": 87, "is_possible": 334, "mutation_pruner": 32, "wanna_execute2": 11}, "caller2time": {"get_transaction_sequence": 0.19607200000000002, "integer": 1.87326, "is_possible": 69.41984, "mutation_pruner": 0.6103109999999999, "wanna_execute2": 0.036407000000000016}}, "total_states": 6033}