{"create_time": 1.11322, "error": null, "issues": [], "success": true, "sym_cnt": 1, "sym_time": 18.184349, "time": 18.203032, "total_info": {"caller2cnt": {"get_transaction_sequence": 16, "integer": 32, "is_possible": 61, "mutation_pruner": 11, "wanna_execute2": 11}, "caller2time": {"get_transaction_sequence": 0.11455900000000001, "integer": 0.48094800000000004, "is_possible": 9.041440999999999, "mutation_pruner": 0.06536800000000001, "wanna_execute2": 0.085367}}, "total_states": 1432}