{"create_time": 0.79565, "error": null, "issues": [], "success": true, "sym_cnt": 1, "sym_time": 37.86009, "time": 37.879932, "total_info": {"caller2cnt": {"get_transaction_sequence": 64, "integer": 63, "is_possible": 205, "mutation_pruner": 32, "wanna_execute2": 484, "wanna_execute3": 280}, "caller2time": {"get_transaction_sequence": 0.14907499999999996, "integer": 0.5823360000000002, "is_possible": 21.874719999999993, "mutation_pruner": 0.053848, "wanna_execute2": 0.05827500000000005, "wanna_execute3": 0.029977999999999973}}, "total_states": 3789}