{"create_time": 4.904168, "error": null, "issues": [], "success": true, "sym_cnt": 1, "sym_time": 1925.829759, "time": 1925.885629, "total_info": {"caller2cnt": {"ether_thief": 672, "get_transaction_sequence": 3971, "integer": 2761, "is_possible": 10715, "mutation_pruner": 1713, "state_cahnge_exernal_calls1": 672, "state_cahnge_exernal_calls3": 548, "wanna_execute2": 48974, "wanna_execute3": 21242}, "caller2time": {"ether_thief": 56.811192000000034, "get_transaction_sequence": 83.3065390000001, "integer": 9.963209999999997, "is_possible": 633.4134540000016, "mutation_pruner": 63.50209800000005, "state_cahnge_exernal_calls1": 5.140790000000008, "state_cahnge_exernal_calls3": 37.942139999999974, "wanna_execute2": 5.242392000000622, "wanna_execute3": 2.202830000000171}}, "total_states": 276031}