{"create_time": 0.50005, "error": null, "issues": [], "success": true, "sym_cnt": 1, "sym_time": 8.597447, "time": 8.618209, "total_info": {"caller2cnt": {"ether_thief": 6, "get_transaction_sequence": 26, "integer": 14, "is_possible": 118, "mutation_pruner": 28, "state_cahnge_exernal_calls1": 6, "state_cahnge_exernal_calls3": 6, "wanna_execute2": 10}, "caller2time": {"ether_thief": 0.13864700000000002, "get_transaction_sequence": 0.958325, "integer": 0.012591000000000001, "is_possible": 1.8310300000000004, "mutation_pruner": 0.34027900000000005, "state_cahnge_exernal_calls1": 0.09402500000000001, "state_cahnge_exernal_calls3": 0.07685800000000001, "wanna_execute2": 0.0019339999999999997}}, "total_states": 1189}