{"create_time": 0.834008, "error": null, "issues": [], "success": true, "sym_cnt": 1, "sym_time": 10.170404, "time": 10.190049, "total_info": {"caller2cnt": {"get_transaction_sequence": 11, "integer": 21, "is_possible": 47, "mutation_pruner": 9, "wanna_execute2": 11}, "caller2time": {"get_transaction_sequence": 0.29000599999999993, "integer": 1.0480710000000002, "is_possible": 1.348396, "mutation_pruner": 0.058725000000000006, "wanna_execute2": 0.041373999999999994}}, "total_states": 1053}