{"create_time": 0.768442, "error": null, "issues": [], "success": true, "sym_cnt": 1, "sym_time": 22.47855, "time": 22.497504, "total_info": {"caller2cnt": {"get_transaction_sequence": 64, "integer": 63, "is_possible": 205, "mutation_pruner": 35, "wanna_execute2": 484, "wanna_execute3": 280}, "caller2time": {"get_transaction_sequence": 0.14626700000000004, "integer": 0.22346000000000008, "is_possible": 5.894979999999998, "mutation_pruner": 0.05227100000000002, "wanna_execute2": 0.055218999999999935, "wanna_execute3": 0.028547000000000024}}, "total_states": 3900}