{"create_time": 1.106803, "error": null, "issues": [], "success": true, "sym_cnt": 1, "sym_time": 7.830879, "time": 7.850431, "total_info": {"caller2cnt": {"get_transaction_sequence": 6, "integer": 12, "is_possible": 42, "mutation_pruner": 6, "wanna_execute2": 1}, "caller2time": {"get_transaction_sequence": 0.019169000000000002, "integer": 0.047756999999999994, "is_possible": 1.7203899999999999, "mutation_pruner": 0.020165000000000002, "wanna_execute2": 0.021854}}, "total_states": 921}