{"create_time": 5.205991, "error": null, "issues": [], "success": true, "sym_cnt": 1, "sym_time": 466.052135, "time": 466.073197, "total_info": {"caller2cnt": {"ether_thief": 160, "get_transaction_sequence": 1289, "integer": 734, "is_possible": 948, "mutation_pruner": 486, "state_cahnge_exernal_calls1": 160, "state_cahnge_exernal_calls3": 144, "wanna_execute2": 6893, "wanna_execute3": 4249}, "caller2time": {"ether_thief": 60.64896400000001, "get_transaction_sequence": 77.83372499999992, "integer": 2.207187000000001, "is_possible": 44.694431999999956, "mutation_pruner": 31.303286999999987, "state_cahnge_exernal_calls1": 10.119928999999997, "state_cahnge_exernal_calls3": 13.070982000000003, "wanna_execute2": 0.7813560000000325, "wanna_execute3": 0.4581340000000108}}, "total_states": 62565}