{"create_time": 5.254442, "error": null, "issues": [], "success": true, "sym_cnt": 1, "sym_time": 820.194332, "time": 820.215789, "total_info": {"caller2cnt": {"ether_thief": 165, "get_transaction_sequence": 1379, "integer": 748, "is_possible": 2459, "mutation_pruner": 495, "state_cahnge_exernal_calls1": 165, "state_cahnge_exernal_calls3": 147, "wanna_execute2": 5348, "wanna_execute3": 3185}, "caller2time": {"ether_thief": 179.19966500000004, "get_transaction_sequence": 112.32571699999983, "integer": 2.3040840000000005, "is_possible": 232.00571300000013, "mutation_pruner": 36.870528000000036, "state_cahnge_exernal_calls1": 11.405577000000001, "state_cahnge_exernal_calls3": 14.355594000000002, "wanna_execute2": 0.6131980000000165, "wanna_execute3": 0.3441070000000014}}, "total_states": 62205}