{"create_time": 9.811265, "error": null, "issues": [], "success": true, "sym_cnt": 1, "sym_time": 371.280239, "time": 371.300314, "total_info": {"caller2cnt": {"get_transaction_sequence": 22, "integer": 134, "is_possible": 459, "mutation_pruner": 46, "wanna_execute2": 7}, "caller2time": {"get_transaction_sequence": 0.43571400000000005, "integer": 10.370227000000003, "is_possible": 302.4567550000001, "mutation_pruner": 1.435219, "wanna_execute2": 0.061117000000000005}}, "total_states": 8801}